jeffreys,affinity_deficit,likelihood_ratio_second_moment,maximum_absolute_likelihood_ratio,batch,batch_size,s,actual_angle
2.0453515744115634e-09,2.5566894469116577e-10,2.0453516419405145e-09,0.0011547712158961332,0,8192,0.045,0.30618621784789724
2.7778500500106014e-09,3.4723125123328213e-10,2.777850210587981e-09,0.0017581425211830037,1,8192,0.045,0.30618621784789724
1.8440164564205105e-09,2.3050205623122886e-10,1.8440164827032298e-09,0.0009361304819499594,2,8192,0.045,0.30618621784789724
1.60898448487884e-09,2.0112306017837662e-10,1.608984498686147e-09,0.000648692142188878,3,8192,0.045,0.30618621784789724
2.56698103813607e-09,3.2087262329653915e-10,2.566981245191101e-09,0.002054733219242877,4,8192,0.045,0.30618621784789724
2.7650751068690975e-09,3.4563438468257323e-10,2.7650752245031464e-09,0.0014569508438402323,5,8192,0.045,0.30618621784789724
1.8887571586866413e-09,2.3609464312582294e-10,1.8887572134068734e-09,0.0012600546141623425,6,8192,0.045,0.30618621784789724
2.36215784010496e-09,2.952697280270674e-10,2.362157903658642e-09,0.0011041075258759747,7,8192,0.045,0.30618621784789724
2.0199183752567743e-09,2.5248979586342233e-10,2.0199184086543553e-09,0.0009117585815285878,8,8192,0.045,0.30618621784789724
1.9764612469582232e-09,2.4705765419874165e-10,1.9764613004313842e-09,0.0012339295770171788,9,8192,0.045,0.30618621784789724
1.6903927595438604e-09,2.1129909444959134e-10,1.6903927753323798e-09,0.0006712321127952947,10,8192,0.045,0.30618621784789724
1.4767873816725773e-09,1.845984223300664e-10,1.4767873938007617e-09,0.0006972799534477048,11,8192,0.045,0.30618621784789724
2.2492412198502464e-09,2.8115514844413897e-10,2.2492413490387892e-09,0.0016723084638119445,12,8192,0.045,0.30618621784789724
3.808144374700142e-09,4.760180256653875e-10,3.808145052208345e-09,0.0024926092243955367,13,8192,0.045,0.30618621784789724
3.044070034106258e-09,3.80508738733346e-10,3.0440705310642434e-09,0.0025734294859045548,14,8192,0.045,0.30618621784789724
2.5763985104202327e-09,3.2204981077835956e-10,2.5763986071936596e-09,0.0014667527570964012,15,8192,0.045,0.30618621784789724
2.3948728359524244e-09,2.993591028728233e-10,2.394872887831777e-09,0.0010218332175888634,16,8192,0.045,0.30618621784789724
1.935840330807011e-09,2.4198004039885646e-10,1.935840361271647e-09,0.0009592556250268558,17,8192,0.045,0.30618621784789724
2.314702853621386e-09,2.8933785349911905e-10,2.3147029561351225e-09,0.0015727258241966524,18,8192,0.045,0.30618621784789724
1.8037882930984054e-09,2.2547353587194313e-10,1.8037883175898463e-09,0.0007568595286571167,19,8192,0.045,0.30618621784789724
2.094082192799579e-09,2.617602719880668e-10,2.0940822603797582e-09,0.0013665060075993551,20,8192,0.045,0.30618621784789724
1.982315105842004e-09,2.477893872806756e-10,1.982315136228401e-09,0.0007591734649903259,21,8192,0.045,0.30618621784789724
2.1488226356462777e-09,2.68602826773693e-10,2.148822721473213e-09,0.001590132607862671,22,8192,0.045,0.30618621784789724
2.2029228113728704e-09,2.7536534824242857e-10,2.202922913106639e-09,0.0014839774399142414,23,8192,0.045,0.30618621784789724
1.8847777097682746e-09,2.3559721261421677e-10,1.8847777451864365e-09,0.001112240867204406,24,8192,0.045,0.30618621784789724
2.003328610201421e-09,2.504160752059519e-10,2.003328644416645e-09,0.0009200474752333321,25,8192,0.045,0.30618621784789724
1.6745787622006647e-09,2.0932234450920242e-10,1.674578786708846e-09,0.0009981641623202364,26,8192,0.045,0.30618621784789724
2.5463450045040183e-09,3.1829312269128396e-10,2.5463450963990066e-09,0.0014120935537906831,27,8192,0.045,0.30618621784789724
2.378003794207707e-09,2.972504716764386e-10,2.3780038773924994e-09,0.0012855027026308363,28,8192,0.045,0.30618621784789724
2.731568062988537e-09,3.4144600475872386e-10,2.731568162663521e-09,0.0013314170907268164,29,8192,0.045,0.30618621784789724
2.0700796022335806e-09,2.58759947954466e-10,2.070079676624991e-09,0.0014038881118310087,30,8192,0.045,0.30618621784789724
2.484461065108973e-09,3.105576278622891e-10,2.4844612339516174e-09,0.0017941282030449202,31,8192,0.045,0.30618621784789724
2.033758615775797e-09,2.5421982591777935e-10,2.0337586495100467e-09,0.0009010377700384709,32,8192,0.045,0.30618621784789724
2.1942882431944217e-09,2.742860277900228e-10,2.194288326691381e-09,0.001278810218716231,33,8192,0.045,0.30618621784789724
2.4907137446170853e-09,3.1133921524581885e-10,2.4907138352192254e-09,0.001265867988342606,34,8192,0.045,0.30618621784789724
2.1793994246502965e-09,2.7242492671192565e-10,2.1793994684698628e-09,0.001096127680224157,35,8192,0.045,0.30618621784789724
2.4499533162266247e-09,3.062441571612313e-10,2.449953551973732e-09,0.0021221851039641138,36,8192,0.045,0.30618621784789724
1.9194406639171247e-09,2.3993008124799025e-10,1.9194407196499347e-09,0.001382497683712458,37,8192,0.045,0.30618621784789724
2.6060952890420457e-09,3.2576190714943924e-10,2.606095416428176e-09,0.001446454892411353,38,8192,0.045,0.30618621784789724
1.9552972774371206e-09,2.444121588813037e-10,1.955297302983884e-09,0.000851939499327159,39,8192,0.045,0.30618621784789724
2.2623442270950863e-09,2.827930250847358e-10,2.2623443327638846e-09,0.0015777225935913464,40,8192,0.045,0.30618621784789724
2.4048652041101107e-09,3.006081475935028e-10,2.4048652975584655e-09,0.0014703332926657708,41,8192,0.045,0.30618621784789724
1.8890795758439903e-09,2.361349459045706e-10,1.889079610273693e-09,0.001017650562243233,42,8192,0.045,0.30618621784789724
2.8928397411163334e-09,3.6160496436126867e-10,2.8928398460210723e-09,0.0012348032523892272,43,8192,0.045,0.30618621784789724
2.584686899941208e-09,3.2308585862813164e-10,2.584687023605832e-09,0.0015288451927855107,44,8192,0.045,0.30618621784789724
2.5221879430130268e-09,3.152734858625037e-10,2.5221881674650213e-09,0.002091535574155756,45,8192,0.045,0.30618621784789724
1.8690497319116877e-09,2.336312156998684e-10,1.869049757162648e-09,0.0009848588876213427,46,8192,0.045,0.30618621784789724
2.3994789881218508e-09,2.9993486923193385e-10,2.3994791251873727e-09,0.0017431198560551309,47,8192,0.045,0.30618621784789724
1.9476825849717967e-09,2.434603213914945e-10,1.9476826403311603e-09,0.001265936171671811,48,8192,0.045,0.30618621784789724
1.8503769869548096e-09,2.3129712219280458e-10,1.8503770246043017e-09,0.0009621913328814458,49,8192,0.045,0.30618621784789724
2.4722701224782855e-09,3.090337597201221e-10,2.4722703013475242e-09,0.0018159749991557561,50,8192,0.045,0.30618621784789724
2.4173934582949944e-09,3.021741793740019e-10,2.417393551506912e-09,0.0012650912772578238,51,8192,0.045,0.30618621784789724
1.9286024794790206e-09,2.410753085323881e-10,1.928602524358684e-09,0.0012053483773204476,52,8192,0.045,0.30618621784789724
2.3592758588560133e-09,2.9490948064304807e-10,2.3592759137025294e-09,0.0011194955264137718,53,8192,0.045,0.30618621784789724
3.1777260979910942e-09,3.972157512291218e-10,3.177726450623585e-09,0.002276825301549934,54,8192,0.045,0.30618621784789724
1.5762184685916917e-09,1.9702730815573362e-10,1.5762184819749829e-09,0.0007367212602957807,55,8192,0.045,0.30618621784789724
1.8279054467752847e-09,2.2848818022246802e-10,1.8279054667574491e-09,0.0007166961474105449,56,8192,0.045,0.30618621784789724
3.0328589833384296e-09,3.7910736669770755e-10,3.0328591823655114e-09,0.0019333411251469812,57,8192,0.045,0.30618621784789724
2.118944697152986e-09,2.6486808475945685e-10,2.1189447734623126e-09,0.0015011474081116916,58,8192,0.045,0.30618621784789724
2.2732786346309667e-09,2.841598276005682e-10,2.27327868993665e-09,0.0012622604543661708,59,8192,0.045,0.30618621784789724
2.295634665748516e-09,2.8695433189738325e-10,2.2956347080263156e-09,0.0010726092559281142,60,8192,0.045,0.30618621784789724
3.055921703978574e-09,3.819901969233126e-10,3.055922218346884e-09,0.002403210875465689,61,8192,0.045,0.30618621784789724
2.0660996621162095e-09,2.5826245625816857e-10,2.0660997103196543e-09,0.0009648784309153058,62,8192,0.045,0.30618621784789724
2.166971048189963e-09,2.708713799372494e-10,2.1669710829578327e-09,0.0008622149547008462,63,8192,0.045,0.30618621784789724
1.9801257932902978e-09,2.4751572321525306e-10,1.980125823563389e-09,0.0009417203201405044,64,8192,0.045,0.30618621784789724
2.746816238131499e-09,3.433520242569913e-10,2.7468164144337763e-09,0.0017358952053019294,65,8192,0.045,0.30618621784789724
2.561891033575701e-09,3.2023637700057954e-10,2.5618911038599648e-09,0.0010633408984617176,66,8192,0.045,0.30618621784789724
2.6332014218197064e-09,3.291501668376971e-10,2.633201770292244e-09,0.002341626245472739,67,8192,0.045,0.30618621784789724
2.183227282521842e-09,2.729034090517018e-10,2.1832273229547543e-09,0.0008899830939252951,68,8192,0.045,0.30618621784789724
2.5040876977468538e-09,3.1301095383714986e-10,2.5040879659454858e-09,0.002205696479915531,69,8192,0.045,0.30618621784789724
2.3949814746433218e-09,2.99372681895884e-10,2.3949815525483226e-09,0.0013372342298048068,70,8192,0.045,0.30618621784789724
2.0119673118404655e-09,2.5149591198334227e-10,2.0119673757353756e-09,0.0013356655974749998,71,8192,0.045,0.30618621784789724
2.5216892251690132e-09,3.152111504930551e-10,2.5216893100673046e-09,0.001224273529206954,72,8192,0.045,0.30618621784789724
2.2725554105675306e-09,2.840694250242325e-10,2.27255545206221e-09,0.0008802798429794478,73,8192,0.045,0.30618621784789724
1.928286504926188e-09,2.4103581233187987e-10,1.9282865300107846e-09,0.0008597028028098919,74,8192,0.045,0.30618621784789724
1.6555507186867048e-09,2.069438391999324e-10,1.6555507390356858e-09,0.0008219914750799973,75,8192,0.045,0.30618621784789724
2.550772844574562e-09,3.188466029606573e-10,2.5507729281317802e-09,0.001214465529040254,76,8192,0.045,0.30618621784789724
2.530248586564845e-09,3.162810710504795e-10,2.530248659208883e-09,0.0011928626848991541,77,8192,0.045,0.30618621784789724
1.7525736684781104e-09,2.1907170795760012e-10,1.7525736877473473e-09,0.0008335966544308349,78,8192,0.045,0.30618621784789724
4.592501514093171e-09,5.740626276786229e-10,4.592503484750111e-09,0.003578077025881754,79,8192,0.045,0.30618621784789724
2.668547953064198e-09,3.3356849202291166e-10,2.668548020587819e-09,0.0011950737979891102,80,8192,0.045,0.30618621784789724
2.3425433587465676e-09,2.9281791648460034e-10,2.342543466225627e-09,0.001592596370986854,81,8192,0.045,0.30618621784789724
4.302203572673502e-09,5.37775383257323e-10,4.302205599133394e-09,0.0037007881994171044,82,8192,0.045,0.30618621784789724
1.974329182038406e-09,2.467911465173444e-10,1.9743292216370086e-09,0.001050463510051003,83,8192,0.045,0.30618621784789724
2.483005776108493e-09,3.103757196372866e-10,2.4830058521492952e-09,0.0011183111624593067,84,8192,0.045,0.30618621784789724
2.187897718022244e-09,2.734872130565211e-10,2.1878977723025437e-09,0.001068193533576789,85,8192,0.045,0.30618621784789724
2.213833190517612e-09,2.7672914628091684e-10,2.2138332715987212e-09,0.0013771380100724429,86,8192,0.045,0.30618621784789724
2.2291654713252244e-09,2.786456825226077e-10,2.2291655159026766e-09,0.0009424906991846171,87,8192,0.045,0.30618621784789724
1.68915340280657e-09,2.111441745560654e-10,1.689153428238758e-09,0.000881170879464932,88,8192,0.045,0.30618621784789724
2.5001105615926324e-09,3.125138167514465e-10,2.5001106719168755e-09,0.0016483726249258979,89,8192,0.045,0.30618621784789724
1.8469216151302685e-09,2.308652009066292e-10,1.8469216466392077e-09,0.0010196251563741043,90,8192,0.045,0.30618621784789724
2.242675436922301e-09,2.80334427738495e-10,2.2426754969796664e-09,0.0011788127271561422,91,8192,0.045,0.30618621784789724
2.289039016651452e-09,2.861298749767803e-10,2.289039084000293e-09,0.0013257432754283371,92,8192,0.045,0.30618621784789724
2.0446293663098266e-09,2.55578668657767e-10,2.044629434500593e-09,0.0012481228560830004,93,8192,0.045,0.30618621784789724
2.179958042821535e-09,2.724947535506796e-10,2.1799581004859254e-09,0.0010096809836372955,94,8192,0.045,0.30618621784789724
2.554706248392867e-09,3.193382780079264e-10,2.5547063457106883e-09,0.001390937374619483,95,8192,0.045,0.30618621784789724
2.6081710895055398e-09,3.2602138209349877e-10,2.6081712205357406e-09,0.0015393572282125234,96,8192,0.045,0.30618621784789724
2.825098955124186e-09,3.53137361189749e-10,2.8250992175489724e-09,0.0019247331812710655,97,8192,0.045,0.30618621784789724
2.409640006570299e-09,3.012049980638667e-10,2.4096400948077625e-09,0.0012955362767925749,98,8192,0.045,0.30618621784789724
2.2158416636171082e-09,2.7698020408759755e-10,2.2158417872824255e-09,0.0016335899544195343,99,8192,0.045,0.30618621784789724
1.6762587303123108e-09,2.0953234048504453e-10,1.6762587560401286e-09,0.0008741269722829514,100,8192,0.045,0.30618621784789724
2.1168890037168023e-09,2.646111244008247e-10,2.1168890377576184e-09,0.0008251118060993434,101,8192,0.045,0.30618621784789724
2.347821124844117e-09,2.9347763684126885e-10,2.347821245299986e-09,0.0017063887750765616,102,8192,0.045,0.30618621784789724
2.015212941701368e-09,2.519016158060122e-10,2.015213002714449e-09,0.0011755882219954827,103,8192,0.045,0.30618621784789724
2.567108869225656e-09,3.208886043769202e-10,2.5671090060668354e-09,0.0017173606069000869,104,8192,0.045,0.30618621784789724
1.9960862643625085e-09,2.495107816801596e-10,1.9960863080474362e-09,0.0009826572180173798,105,8192,0.045,0.30618621784789724
2.7950466125325154e-09,3.49380820871419e-10,2.795046794777174e-09,0.0018606153090843236,106,8192,0.045,0.30618621784789724
2.3211209095647893e-09,2.9014011245561957e-10,2.321120949244119e-09,0.0008463746521378823,107,8192,0.045,0.30618621784789724
2.1489074158052313e-09,2.686134230274111e-10,2.1489075421490032e-09,0.001773185048499215,108,8192,0.045,0.30618621784789724
2.5421860279234985e-09,3.177732495654292e-10,2.54218615352376e-09,0.001470288865769831,109,8192,0.045,0.30618621784789724
2.3162481368026935e-09,2.895310151412584e-10,2.3162481994931992e-09,0.0012953473809211857,110,8192,0.045,0.30618621784789724
2.3458412428262884e-09,2.9323015264255293e-10,2.3458413295697496e-09,0.0015030062431904412,111,8192,0.045,0.30618621784789724
1.7639658558102092e-09,2.2049573136070548e-10,1.7639658755084706e-09,0.0007042870691726932,112,8192,0.045,0.30618621784789724
1.9100455440994554e-09,2.3875569218193034e-10,1.9100455706755054e-09,0.0008787232569833492,113,8192,0.045,0.30618621784789724
3.0012246485444925e-09,3.7515307003821364e-10,3.0012250014996376e-09,0.002231549267552424,114,8192,0.045,0.30618621784789724
2.3304187412797114e-09,2.913023410318736e-10,2.330418793378602e-09,0.0010505394028754722,115,8192,0.045,0.30618621784789724
2.242398920790026e-09,2.802998634062802e-10,2.2423989749491637e-09,0.0011472871053221922,116,8192,0.045,0.30618621784789724
2.595775600083686e-09,3.244719475727057e-10,2.5957756780918487e-09,0.0012556657060951437,117,8192,0.045,0.30618621784789724
3.0637130370029318e-09,3.829641232098574e-10,3.063713242299231e-09,0.0016567423775324386,118,8192,0.045,0.30618621784789724
2.5571615474231644e-09,3.196451917194221e-10,2.5571616020943183e-09,0.0009461236752059676,119,8192,0.045,0.30618621784789724
1.7689542737378761e-09,2.2111928356693536e-10,1.7689542945474484e-09,0.0006623786069592796,120,8192,0.045,0.30618621784789724
1.6554299493104425e-09,2.0692874318030344e-10,1.6554299647825018e-09,0.000798292712437032,121,8192,0.045,0.30618621784789724
2.334112032377539e-09,2.9176400112642666e-10,2.3341121258420427e-09,0.0015331192376084601,122,8192,0.045,0.30618621784789724
2.029778409154511e-09,2.537223003027e-10,2.0297784360861565e-09,0.0007478689010991246,123,8192,0.045,0.30618621784789724
2.0476215089464005e-09,2.559526871711036e-10,2.047621555256686e-09,0.0012117477191413428,124,8192,0.045,0.30618621784789724
2.099309861109789e-09,2.624137312351882e-10,2.0993099060229227e-09,0.0009768858010463788,125,8192,0.045,0.30618621784789724
1.898023678645717e-09,2.3725295866758557e-10,1.8980237158658485e-09,0.001066246952190042,126,8192,0.045,0.30618621784789724
2.1251028536701914e-09,2.6563785505355895e-10,2.1251029066370728e-09,0.0012719365795472726,127,8192,0.045,0.30618621784789724
6.848295794183165e-09,8.560369493462355e-10,6.848296591836311e-09,0.0022180734166337146,0,8192,0.055,0.30618621784789724
9.284698112094201e-09,1.1605872083525079e-09,9.284699893190861e-09,0.0031760790140253903,1,8192,0.055,0.30618621784789724
6.0870428436672704e-09,7.608803469385331e-10,6.0870431163033046e-09,0.0016236351813372352,2,8192,0.055,0.30618621784789724
5.3509041899530745e-09,6.688630189494865e-10,5.350904343381806e-09,0.001199992433361885,3,8192,0.055,0.30618621784789724
8.385398869806995e-09,1.0481747984666758e-09,8.385400798101522e-09,0.0035655258965636705,4,8192,0.055,0.30618621784789724
9.073396424194899e-09,1.1341745145188997e-09,9.073397656369747e-09,0.002652861346415847,5,8192,0.055,0.30618621784789724
6.246749003536012e-09,7.808436070590023e-10,6.2467495917920035e-09,0.002270726364299591,6,8192,0.055,0.30618621784789724
7.806592246954104e-09,9.758240094518023e-10,7.806592932312864e-09,0.0020121264437449327,7,8192,0.055,0.30618621784789724
6.731193707111918e-09,8.413992018420106e-10,6.73119407661526e-09,0.0016589979888284034,8,8192,0.055,0.30618621784789724
6.5637482303528765e-09,8.20468509830163e-10,6.5637488371991826e-09,0.002281713214221881,9,8192,0.055,0.30618621784789724
5.608799494983927e-09,7.010999314981406e-10,5.6087996669791375e-09,0.0012108219495647887,10,8192,0.055,0.30618621784789724
4.921450181522916e-09,6.151812684344154e-10,4.92145031771329e-09,0.0012797813296252514,11,8192,0.055,0.30618621784789724
7.466180279626019e-09,9.33272490311614e-10,7.466181708158531e-09,0.003063601241155567,12,8192,0.055,0.30618621784789724
1.2503867695392511e-08,1.5629832390860782e-09,1.2503874826209086e-08,0.00449283953977897,13,8192,0.055,0.30618621784789724
9.929524056853822e-09,1.2411903587993013e-09,9.929528802692189e-09,0.0045011302850230805,14,8192,0.055,0.30618621784789724
8.553132146474257e-09,1.0691414850869716e-09,8.55313320958824e-09,0.0026650660843632323,15,8192,0.055,0.30618621784789724
7.971479092287159e-09,9.964348683493839e-10,7.971479674255524e-09,0.0018794184217227894,16,8192,0.055,0.30618621784789724
6.438826789476935e-09,8.048533380145839e-10,6.4388271309179956e-09,0.0017703819209131666,17,8192,0.055,0.30618621784789724
7.660466186301112e-09,9.57558239230499e-10,7.660467276129641e-09,0.0028246300365477595,18,8192,0.055,0.30618621784789724
5.9949927037002595e-09,7.493740795969564e-10,5.994992971398695e-09,0.0013571582435467633,19,8192,0.055,0.30618621784789724
6.955268557345986e-09,8.694085468987192e-10,6.955269285970947e-09,0.002459555361058463,20,8192,0.055,0.30618621784789724
6.596931986335287e-09,8.246164877341431e-10,6.5969323241838554e-09,0.0013885069302101982,21,8192,0.055,0.30618621784789724
7.14104492152904e-09,8.92630585792384e-10,7.141045862288963e-09,0.002886880570402539,22,8192,0.055,0.30618621784789724
7.265711236918599e-09,9.082138707405235e-10,7.265712320896296e-09,0.0026797897828423345,23,8192,0.055,0.30618621784789724
6.228692462782145e-09,7.78586545936807e-10,6.228692843932909e-09,0.002004884701376497,24,8192,0.055,0.30618621784789724
6.671346533059087e-09,8.339183043717905e-10,6.671346925398143e-09,0.0017845851282949354,25,8192,0.055,0.30618621784789724
5.560971772990802e-09,6.951214631924854e-10,5.5609720427944805e-09,0.0018125584925048344,26,8192,0.055,0.30618621784789724
8.459461063267817e-09,1.0574326016241048e-09,8.45946206436777e-09,0.0025660729894525502,27,8192,0.055,0.30618621784789724
7.796907823090972e-09,9.746134507702942e-10,7.79690869080547e-09,0.0022978887616442734,28,8192,0.055,0.30618621784789724
9.087796653363742e-09,1.135974546905686e-09,9.087797765836789e-09,0.002455779858193452,29,8192,0.055,0.30618621784789724
6.925104845629861e-09,8.656380794752387e-10,6.9251056849416995e-09,0.00257508386876637,30,8192,0.055,0.30618621784789724
8.325873396544796e-09,1.0407341155414391e-09,8.325875285398056e-09,0.003235366228851788,31,8192,0.055,0.30618621784789724
6.735713314276878e-09,8.419641527277677e-10,6.7357136840958245e-09,0.0016425338458230243,32,8192,0.055,0.30618621784789724
7.280168267759518e-09,9.10021004900384e-10,7.280169181985326e-09,0.002325334449187366,33,8192,0.055,0.30618621784789724
8.296211652237359e-09,1.0370264246047096e-09,8.296212673836125e-09,0.0023655522459904432,34,8192,0.055,0.30618621784789724
7.1843218342433765e-09,8.9804021505655e-10,7.184322289407294e-09,0.0019320344296591685,35,8192,0.055,0.30618621784789724
8.138240530523741e-09,1.0172799863134702e-09,8.13824309058793e-09,0.00385004147058865,36,8192,0.055,0.30618621784789724
6.361675702063116e-09,7.952094442934882e-10,6.361676292923978e-09,0.0024818477079850965,37,8192,0.055,0.30618621784789724
8.677164279540035e-09,1.0846454900649264e-09,8.677165715622593e-09,0.002643505951832381,38,8192,0.055,0.30618621784789724
6.478048951152517e-09,8.097561101170826e-10,6.478049232015944e-09,0.0015444283699075356,39,8192,0.055,0.30618621784789724
7.53614460765025e-09,9.420180377132356e-10,7.536145831427775e-09,0.002948448509238588,40,8192,0.055,0.30618621784789724
8.00887807122232e-09,1.001109725487819e-09,8.008879140501432e-09,0.002738862999537517,41,8192,0.055,0.30618621784789724
6.238021986798409e-09,7.797527368949988e-10,6.238022353352092e-09,0.0018180362677000517,42,8192,0.055,0.30618621784789724
9.622220725727608e-09,1.2027775542312661e-09,9.622221893237563e-09,0.0022186544832081267,43,8192,0.055,0.30618621784789724
8.571193767238023e-09,1.0713991791595495e-09,8.57119510308459e-09,0.0027567101303347386,44,8192,0.055,0.30618621784789724
8.667177201504509e-09,1.0833970551293462e-09,8.667180243383833e-09,0.004035437839764455,45,8192,0.055,0.30618621784789724
6.196093684069433e-09,7.745117018884392e-10,6.1960939599171104e-09,0.0017856079607323494,46,8192,0.055,0.30618621784789724
7.92733086527194e-09,9.9091631284265e-10,7.927332315394991e-09,0.0031418795192088567,47,8192,0.055,0.30618621784789724
6.4767763187167924e-09,8.095970206602488e-10,6.4767769324560144e-09,0.002283396130520643,48,8192,0.055,0.30618621784789724
6.118314919597297e-09,7.647893524081806e-10,6.118315320924712e-09,0.0017558818604115345,49,8192,0.055,0.30618621784789724
8.219865181159448e-09,1.0274830857885124e-09,8.219867160564986e-09,0.003315982444858534,50,8192,0.055,0.30618621784789724
8.016298063632612e-09,1.0020372269581854e-09,8.016299055501162e-09,0.0022798607439558083,51,8192,0.055,0.30618621784789724
6.393470738234817e-09,7.991838270119552e-10,6.393471226791531e-09,0.0021787406771434092,52,8192,0.055,0.30618621784789724
7.926300384433643e-09,9.907875284357998e-10,7.926301012222638e-09,0.002061044703449255,53,8192,0.055,0.30618621784789724
1.0515550653269851e-08,1.314443713418819e-09,1.0515554436947481e-08,0.004114439848038387,54,8192,0.055,0.30618621784789724
5.213870174869892e-09,6.517337673506156e-10,5.213870319129762e-09,0.0013275338750062815,55,8192,0.055,0.30618621784789724
6.0648290059516705e-09,7.58103618798825e-10,6.064829228195957e-09,0.001380530441135619,56,8192,0.055,0.30618621784789724
1.0038894719409473e-08,1.2548617716879476e-09,1.0038896903033217e-08,0.0035240040123802885,57,8192,0.055,0.30618621784789724
7.047159747597447e-09,8.808949422575328e-10,7.047160585746224e-09,0.002728383827886205,58,8192,0.055,0.30618621784789724
7.572205860756065e-09,9.465257132562576e-10,7.5722064795801e-09,0.002294464353255421,59,8192,0.055,0.30618621784789724
7.610013806873925e-09,9.51251711304566e-10,7.610014272623514e-09,0.0019722379479567564,60,8192,0.055,0.30618621784789724
1.0068638263343825e-08,1.25857961068146e-09,1.0068643774913109e-08,0.004337974041501269,61,8192,0.055,0.30618621784789724
6.825696402499614e-09,8.532120342321204e-10,6.825696917070229e-09,0.00175253305134504,62,8192,0.055,0.30618621784789724
7.210680230228885e-09,9.013350168096453e-10,7.210680613235784e-09,0.001585505756256822,63,8192,0.055,0.30618621784789724
6.581235374410182e-09,8.226544113306987e-10,6.581235709468551e-09,0.00171097978424406,64,8192,0.055,0.30618621784789724
9.161786524533384e-09,1.145223253181421e-09,9.161788520861578e-09,0.003215018681268944,65,8192,0.055,0.30618621784789724
8.448306488356012e-09,1.0560382875715518e-09,8.448307239490422e-09,0.0019187803435958273,66,8192,0.055,0.30618621784789724
8.642776525583121e-09,1.080346951529088e-09,8.64278017898528e-09,0.004215722663406751,67,8192,0.055,0.30618621784789724
7.286030958957259e-09,9.107538557690607e-10,7.286031410176359e-09,0.0016119202949997913,68,8192,0.055,0.30618621784789724
8.332264432146134e-09,1.0415329643823369e-09,8.332267300496221e-09,0.003983897760228672,69,8192,0.055,0.30618621784789724
7.893294446589437e-09,9.866617803076097e-10,7.893295263103701e-09,0.002374060053739413,70,8192,0.055,0.30618621784789724
6.626449905606874e-09,8.283062170222865e-10,6.626450583321224e-09,0.002405421389555684,71,8192,0.055,0.30618621784789724
8.414174517425578e-09,1.0517717853955156e-09,8.41417545447141e-09,0.00219770602808822,72,8192,0.055,0.30618621784789724
7.559538149955e-09,9.449422542860245e-10,7.559538612622222e-09,0.0016017399471408567,73,8192,0.055,0.30618621784789724
6.410038478717714e-09,8.012548012205448e-10,6.410038754531139e-09,0.0015576657410214523,74,8192,0.055,0.30618621784789724
5.5288832324794265e-09,6.911103968295938e-10,5.528883463850131e-09,0.0015122120824138108,75,8192,0.055,0.30618621784789724
8.503184225735692e-09,1.0628979990412368e-09,8.503185159358922e-09,0.002188372372058822,76,8192,0.055,0.30618621784789724
8.336303134009698e-09,1.042037867484735e-09,8.336303910536983e-09,0.002122516673075836,77,8192,0.055,0.30618621784789724
5.78785471025139e-09,7.234818322279087e-10,5.7878549199638795e-09,0.0015217650024617058,78,8192,0.055,0.30618621784789724
1.4956207753423864e-08,1.869525351900147e-09,1.495622750632048e-08,0.006348281773615128,79,8192,0.055,0.30618621784789724
8.839254829224078e-09,1.1049068307229242e-09,8.839255562986827e-09,0.002152573073438191,80,8192,0.055,0.30618621784789724
7.742276387048197e-09,9.677845125006391e-10,7.742277535220588e-09,0.0028724998781139988,81,8192,0.055,0.30618621784789724
1.4229037869452778e-08,1.7786290490954257e-09,1.4229059776218028e-08,0.006708154801167154,82,8192,0.055,0.30618621784789724
6.572261274649918e-09,8.215326457330829e-10,6.572261709790947e-09,0.0018895548525588168,83,8192,0.055,0.30618621784789724
8.257778200749526e-09,1.03222224857466e-09,8.25777904935853e-09,0.0020177280573427936,84,8192,0.055,0.30618621784789724
7.2927867933712205e-09,9.115983302839187e-10,7.292787397770716e-09,0.002009767597712653,85,8192,0.055,0.30618621784789724
7.284992980136616e-09,9.106240955284138e-10,7.284993843773868e-09,0.002485265523981539,86,8192,0.055,0.30618621784789724
7.352437212146499e-09,9.190546365162066e-10,7.352437692213892e-09,0.0017122559515065916,87,8192,0.055,0.30618621784789724
5.6311308137819635e-09,7.038913429536152e-10,5.631131094394139e-09,0.0016051202082429938,88,8192,0.055,0.30618621784789724
8.313711318019057e-09,1.039213877076364e-09,8.313712523651708e-09,0.002973054523501162,89,8192,0.055,0.30618621784789724
6.138766945350423e-09,7.673458575018378e-10,6.138767286693309e-09,0.0018550148240183972,90,8192,0.055,0.30618621784789724
7.455534986950926e-09,9.31941852878222e-10,7.455535642651535e-09,0.002131165333521423,91,8192,0.055,0.30618621784789724
7.597913749605668e-09,9.497391955864168e-10,7.597914489263027e-09,0.002401380725496338,92,8192,0.055,0.30618621784789724
6.737689737689538e-09,8.422111946752085e-10,6.737690458841035e-09,0.002242200529602556,93,8192,0.055,0.30618621784789724
7.200606758821828e-09,9.000758255355527e-10,7.200607376971469e-09,0.0017839698907256007,94,8192,0.055,0.30618621784789724
8.478730158033378e-09,1.0598412356736478e-09,8.478731248610196e-09,0.0025945491818770705,95,8192,0.055,0.30618621784789724
8.737668136209956e-09,1.092208468054005e-09,8.7376697033217e-09,0.0029244590698951356,96,8192,0.055,0.30618621784789724
9.366215396653484e-09,1.1707768349491177e-09,9.366218264895875e-09,0.00349335885347557,97,8192,0.055,0.30618621784789724
7.948835252065432e-09,9.936043772590262e-10,7.948836188038361e-09,0.0023487870387359777,98,8192,0.055,0.30618621784789724
7.273090683873933e-09,9.091362960958482e-10,7.273091944302586e-09,0.002910551754993662,99,8192,0.055,0.30618621784789724
5.5526917038551814e-09,6.940864542572048e-10,5.552691983045354e-09,0.0015945234842309475,100,8192,0.055,0.30618621784789724
7.036601228311177e-09,8.79575141905484e-10,7.036601600580403e-09,0.0014803819497082316,101,8192,0.055,0.30618621784789724
7.740671908740274e-09,9.675839476777369e-10,7.740673218013877e-09,0.003108781777827474,102,8192,0.055,0.30618621784789724
6.706941825626634e-09,8.383677067685648e-10,6.706942511539113e-09,0.002141768084481299,103,8192,0.055,0.30618621784789724
8.480035482192893e-09,1.0600043889779778e-09,8.480036963669262e-09,0.00311425294462353,104,8192,0.055,0.30618621784789724
6.651073997909293e-09,8.313842346355873e-10,6.6510744812076775e-09,0.0018061389224754976,105,8192,0.055,0.30618621784789724
9.283851674178336e-09,1.1604813983143456e-09,9.283853624832758e-09,0.0033560073151068792,106,8192,0.055,0.30618621784789724
7.733662759445381e-09,9.66707831096975e-10,7.733663202123707e-09,0.001542458932435764,107,8192,0.055,0.30618621784789724
7.095740449613341e-09,8.869675135054319e-10,7.095741815892988e-09,0.003215185843751911,108,8192,0.055,0.30618621784789724
8.414814152413825e-09,1.05185172646439e-09,8.414815515208704e-09,0.0026542015459494195,109,8192,0.055,0.30618621784789724
7.711016744777324e-09,9.63877071640152e-10,7.711017431401775e-09,0.0023774953486892514,110,8192,0.055,0.30618621784789724
7.79922670653511e-09,9.749033090315775e-10,7.79922764366511e-09,0.002708246935009484,111,8192,0.055,0.30618621784789724
5.864683760838088e-09,7.330854632888795e-10,5.8646839789463e-09,0.0013089012386782173,112,8192,0.055,0.30618621784789724
6.362202328941653e-09,7.952752816528322e-10,6.362202631817637e-09,0.0016562452966439878,113,8192,0.055,0.30618621784789724
1.0237466245854427e-08,1.2796831334196936e-09,1.0237470959842564e-08,0.004340980857072907,114,8192,0.055,0.30618621784789724
7.757652105966832e-09,9.69706495162685e-10,7.757652684628247e-09,0.0018953194634487858,115,8192,0.055,0.30618621784789724
7.3962221495438366e-09,9.245277509306957e-10,7.3962227179369305e-09,0.0020406666435288656,116,8192,0.055,0.30618621784789724
8.632286753446304e-09,1.0790358171228897e-09,8.63228761929907e-09,0.002288520863453769,117,8192,0.055,0.30618621784789724
1.0072054205055051e-08,1.2590067077931444e-09,1.0072056375894756e-08,0.0029796347317798677,118,8192,0.055,0.30618621784789724
8.454769958092982e-09,1.0568462262086434e-09,8.454770551788326e-09,0.0017371432528712205,119,8192,0.055,0.30618621784789724
5.894080999103201e-09,7.367601176368511e-10,5.894081231136775e-09,0.0012376796558690728,120,8192,0.055,0.30618621784789724
5.506814360676357e-09,6.883517896465e-10,5.506814534693786e-09,0.001461643326161166,121,8192,0.055,0.30618621784789724
7.674038989888823e-09,9.592548437318146e-10,7.674039950026091e-09,0.0027291986141424474,122,8192,0.055,0.30618621784789724
6.7616434139301815e-09,8.45205417352961e-10,6.761643714356156e-09,0.0013659301382027422,123,8192,0.055,0.30618621784789724
6.744416438372062e-09,8.430520396363966e-10,6.7444169234956265e-09,0.0021624247753511128,124,8192,0.055,0.30618621784789724
7.006502454941478e-09,8.758127912185022e-10,7.006502955715334e-09,0.0017639356045417998,125,8192,0.055,0.30618621784789724
6.275119547945028e-09,7.843899308193262e-10,6.275119953506704e-09,0.0019413599674162896,126,8192,0.055,0.30618621784789724
7.075977416966374e-09,8.844971590773825e-10,7.0759779943556524e-09,0.00228742461038145,127,8192,0.055,0.30618621784789724
2.248841145952079e-08,2.8110511459432743e-09,2.248842062742015e-08,0.004239315411210143,0,8192,0.067,0.30618621784789724
3.038149074097315e-08,3.7976857531635045e-09,3.038150960363699e-08,0.005646331055512377,1,8192,0.067,0.30618621784789724
1.96640089208824e-08,2.458001030713309e-09,1.966401162158621e-08,0.002773806355422792,2,8192,0.067,0.30618621784789724
1.7417101335793727e-08,2.1771376160032808e-09,1.7417102966863687e-08,0.0022159473433855936,3,8192,0.067,0.30618621784789724
2.675192153097327e-08,3.3439896734843152e-09,2.675193810337245e-08,0.00604221231812474,4,8192,0.067,0.30618621784789724
2.9060941794630773e-08,3.6326173414724774e-09,2.906095404603602e-08,0.004764542647077263,5,8192,0.067,0.30618621784789724
2.0194001814838144e-08,2.5242500395005136e-09,2.019400781017484e-08,0.004030265796115984,6,8192,0.067,0.30618621784789724
2.521400896522729e-08,3.151750901200913e-09,2.5214015987707727e-08,0.0036204897126062008,7,8192,0.067,0.30618621784789724
2.1977354138401676e-08,2.7471691447618733e-09,2.1977358059628592e-08,0.0029817581393878356,8,8192,0.067,0.30618621784789724
2.1333753449862707e-08,2.6667189742446486e-09,2.1333760073485442e-08,0.004177470584931342,9,8192,0.067,0.30618621784789724
1.8220063916482615e-08,2.277507933471042e-09,1.8220065711339763e-08,0.0021526066359847107,10,8192,0.067,0.30618621784789724
1.606776051819937e-08,2.008470018834837e-09,1.6067761988282112e-08,0.002318993869760533,11,8192,0.067,0.30618621784789724
2.424597717220612e-08,3.0307466756460693e-09,2.4245992240359345e-08,0.005547430192805791,12,8192,0.067,0.30618621784789724
3.9986306440127924e-08,4.9982861079048e-09,3.99863767477178e-08,0.00796334040546931,13,8192,0.067,0.30618621784789724
3.161008991321254e-08,3.951259926004254e-09,3.161013193394463e-08,0.007703954636138377,14,8192,0.067,0.30618621784789724
2.774870854578687e-08,3.468588221500456e-09,2.77487196409211e-08,0.0047765065236689,15,8192,0.067,0.30618621784789724
2.5961849433909223e-08,3.245230983948577e-09,2.5961855683192007e-08,0.003419591178902337,16,8192,0.067,0.30618621784789724
2.096406169600415e-08,2.6205075973884917e-09,2.0964065363589196e-08,0.003231830965415128,17,8192,0.067,0.30618621784789724
2.4786575698384253e-08,3.098321619488361e-09,2.4786586668295333e-08,0.0049933878404768706,18,8192,0.067,0.30618621784789724
1.9505276953552774e-08,2.438159531700574e-09,1.950527975334558e-08,0.002461402471711338,19,8192,0.067,0.30618621784789724
2.2590056136863806e-08,2.8237567844110125e-09,2.259006358316743e-08,0.004359580282073949,20,8192,0.067,0.30618621784789724
2.1495144283686916e-08,2.6868929229149024e-09,2.149514788515783e-08,0.0025610764676606834,21,8192,0.067,0.30618621784789724
2.322497293204164e-08,2.9031213097261296e-09,2.322498274897373e-08,0.0051695536657963,22,8192,0.067,0.30618621784789724
2.34021902629737e-08,2.9252734421842715e-09,2.3402201164973283e-08,0.004765663297304101,23,8192,0.067,0.30618621784789724
2.0126952438982253e-08,2.515868932726184e-09,2.01269563476736e-08,0.00356574429469525,24,8192,0.067,0.30618621784789724
2.177261830232349e-08,2.7215771501764917e-09,2.177262270596995e-08,0.003452324816635155,25,8192,0.067,0.30618621784789724
1.8071858513566143e-08,2.2589822255779617e-09,1.8071861349336088e-08,0.0032487266436955764,26,8192,0.067,0.30618621784789724
2.7492701734787897e-08,3.4365873927629518e-09,2.7492712105526125e-08,0.004596413972118185,27,8192,0.067,0.30618621784789724
2.4945145091693602e-08,3.1181428694781743e-09,2.4945153635167245e-08,0.004037434672722995,28,8192,0.067,0.30618621784789724
2.954616357331345e-08,3.6932700783655465e-09,2.95461753588709e-08,0.004462796858360818,29,8192,0.067,0.30618621784789724
2.2670393637757268e-08,2.83379892346739e-09,2.267040263783094e-08,0.004654944943242256,30,8192,0.067,0.30618621784789724
2.734820912566934e-08,3.4185255042757652e-09,2.7348229491526315e-08,0.005744200947443545,31,8192,0.067,0.30618621784789724
2.1830273368453987e-08,2.728784050039036e-09,2.1830277241020935e-08,0.002951308050153756,32,8192,0.067,0.30618621784789724
2.362068467771958e-08,2.952585286927536e-09,2.3620694206917833e-08,0.004251827697535404,33,8192,0.067,0.30618621784789724
2.7046612497898168e-08,3.380826215942585e-09,2.704662357932925e-08,0.004384484715538761,34,8192,0.067,0.30618621784789724
2.3135876666191803e-08,2.891984443385867e-09,2.3135881142611488e-08,0.00333516119498789,35,8192,0.067,0.30618621784789724
2.641774098175874e-08,3.3022168025989924e-09,2.6417767225635092e-08,0.006880858038901039,36,8192,0.067,0.30618621784789724
2.062518673374648e-08,2.5781481564202054e-09,2.0625192663286496e-08,0.004383999029764496,37,8192,0.067,0.30618621784789724
2.826593582072797e-08,3.5332414929145886e-09,2.8265951330375163e-08,0.004769899780324494,38,8192,0.067,0.30618621784789724
2.0996309030275996e-08,2.6245385363363333e-09,2.0996311988617427e-08,0.0027628667549510766,39,8192,0.067,0.30618621784789724
2.4563301563285274e-08,3.0704122692654648e-09,2.4563315199934028e-08,0.005458549222224107,40,8192,0.067,0.30618621784789724
2.608785370111152e-08,3.2609813456731035e-09,2.6087865444019953e-08,0.005049462694090678,41,8192,0.067,0.30618621784789724
2.0137399709747017e-08,2.517174847959792e-09,2.0137403414021912e-08,0.0031906724497545724,42,8192,0.067,0.30618621784789724
3.1323786183301895e-08,3.9154728803620085e-09,3.13237987449264e-08,0.0039880546655268745,43,8192,0.067,0.30618621784789724
2.779432878087766e-08,3.4742906693839133e-09,2.7794342484104873e-08,0.004896033470298988,44,8192,0.067,0.30618621784789724
2.9300800774772382e-08,3.6625988402560475e-09,2.930084098568668e-08,0.007732890918539681,45,8192,0.067,0.30618621784789724
2.0093752723330834e-08,2.5117190007114235e-09,2.0093755593888753e-08,0.0031899295167772124,46,8192,0.067,0.30618621784789724
2.5598876631620468e-08,3.1998591256177938e-09,2.5598891138335765e-08,0.005578133426062948,47,8192,0.067,0.30618621784789724
2.107877524823262e-08,2.6348467025598622e-09,2.1078781759248143e-08,0.004057108914846452,48,8192,0.067,0.30618621784789724
1.9820498665769493e-08,2.477562203059376e-09,1.9820502830947662e-08,0.003163237709282285,49,8192,0.067,0.30618621784789724
2.6685206175576602e-08,3.3356501273513426e-09,2.6685226802644897e-08,0.005957889726296628,50,8192,0.067,0.30618621784789724
2.60180061429496e-08,3.252250453623508e-09,2.6018016198796826e-08,0.00416791407225503,51,8192,0.067,0.30618621784789724
2.074071642996371e-08,2.592589395255742e-09,2.0740721501635206e-08,0.003884504979017933,52,8192,0.067,0.30618621784789724
2.612321552382878e-08,3.2654017234531897e-09,2.6123222468642256e-08,0.003758287194806087,53,8192,0.067,0.30618621784789724
3.396206651814906e-08,4.24525711905937e-09,3.3962104780859296e-08,0.007319554913980397,54,8192,0.067,0.30618621784789724
1.686820711897958e-08,2.108525843554389e-09,1.6868208601157493e-08,0.002356576191033355,55,8192,0.067,0.30618621784789724
1.9697369811927627e-08,2.4621711517833898e-09,1.9697372202569723e-08,0.0026509042953470896,56,8192,0.067,0.30618621784789724
3.2447282070146415e-08,4.055909550685988e-09,3.2447304728786265e-08,0.006330979203184484,57,8192,0.067,0.30618621784789724
2.2935346526739063e-08,2.866918041722059e-09,2.2935355298590685e-08,0.00489549257752131,58,8192,0.067,0.30618621784789724
2.469151140185966e-08,3.086438717571047e-09,2.4691518047025342e-08,0.004116691961284502,59,8192,0.067,0.30618621784789724
2.4670338601600234e-08,3.083792172064715e-09,2.4670343501930557e-08,0.0035860064546078263,60,8192,0.067,0.30618621784789724
3.233962883499099e-08,4.042451865729724e-09,3.233968447162599e-08,0.0077077710828596935,61,8192,0.067,0.30618621784789724
2.203928209839975e-08,2.7549100990603484e-09,2.2039287322067892e-08,0.0031447889945717122,62,8192,0.067,0.30618621784789724
2.3485531127303866e-08,2.935691264986245e-09,2.3485535156959642e-08,0.0028808151026655793,63,8192,0.067,0.30618621784789724
2.1409878998423773e-08,2.676234763813299e-09,2.1409882550093444e-08,0.0030696426147045486,64,8192,0.067,0.30618621784789724
2.989648156187904e-08,3.737059519517787e-09,2.9896503184830547e-08,0.005893090973135173,65,8192,0.067,0.30618621784789724
2.721530259315259e-08,3.401912586174472e-09,2.7215310208180302e-08,0.003407745950763541,66,8192,0.067,0.30618621784789724
2.768167470562909e-08,3.4602082129252983e-09,2.768171071455095e-08,0.0074717190525817045,67,8192,0.067,0.30618621784789724
2.382009799609883e-08,2.9775120983824618e-09,2.3820102832255588e-08,0.002889443661207025,68,8192,0.067,0.30618621784789724
2.71144206391057e-08,3.389301674244121e-09,2.711444961972754e-08,0.00709043092981787,69,8192,0.067,0.30618621784789724
2.541599656275981e-08,3.176999317291025e-09,2.5416004660487015e-08,0.004138701507438114,70,8192,0.067,0.30618621784789724
2.131326456160533e-08,2.664157857620366e-09,2.1313271364175632e-08,0.004267510931057927,71,8192,0.067,0.30618621784789724
2.7501564497358758e-08,3.437695252670152e-09,2.7501574401349767e-08,0.0038837229666679463,72,8192,0.067,0.30618621784789724
2.46081803873298e-08,3.0760223936702703e-09,2.4608185339200555e-08,0.0029886919999544403,73,8192,0.067,0.30618621784789724
2.0861151409046963e-08,2.607643835483728e-09,2.0861154309755608e-08,0.0027844800078682397,74,8192,0.067,0.30618621784789724
1.8088204330068303e-08,2.26102546218056e-09,1.8088206860563695e-08,0.002750962171740312,75,8192,0.067,0.30618621784789724
2.774122000664185e-08,3.4676521886213763e-09,2.7741229997326063e-08,0.003950775611073709,76,8192,0.067,0.30618621784789724
2.6819146291048952e-08,3.3523930398216153e-09,2.6819154180953627e-08,0.0037122703608538643,77,8192,0.067,0.30618621784789724
1.8692272176862273e-08,2.3365339540144308e-09,1.8692274355849633e-08,0.0027464379757926594,78,8192,0.067,0.30618621784789724
4.738798372609464e-08,5.923492207505274e-09,4.738816799046843e-08,0.011052431237452254,79,8192,0.067,0.30618621784789724
2.862299727717784e-08,3.5778744221698486e-09,2.862300487645454e-08,0.003818400410485978,80,8192,0.067,0.30618621784789724
2.500660235014837e-08,3.1258249319673805e-09,2.500661392778744e-08,0.005096723596260233,81,8192,0.067,0.30618621784789724
4.5761542984732714e-08,5.7201859903571245e-09,4.576176323248284e-08,0.011936031938134306,82,8192,0.067,0.30618621784789724
2.141570124525606e-08,2.676962512560493e-09,2.1415705824344776e-08,0.0033495022837275457,83,8192,0.067,0.30618621784789724
2.6848543454815163e-08,3.3560676492343517e-09,2.6848552498577205e-08,0.00365576526128919,84,8192,0.067,0.30618621784789724
2.381094577539374e-08,2.9763680183011207e-09,2.3810952291333255e-08,0.0037513077129567307,85,8192,0.067,0.30618621784789724
2.340493253916299e-08,2.9256162957662606e-09,2.340494123129559e-08,0.004417748687588485,86,8192,0.067,0.30618621784789724
2.3697351985460183e-08,2.9621688441051176e-09,2.3697356915937385e-08,0.0030731597579833903,87,8192,0.067,0.30618621784789724
1.838173744897955e-08,2.2977170886990247e-09,1.8381740406529064e-08,0.002886145498852244,88,8192,0.067,0.30618621784789724
2.704819698779792e-08,3.381024230973395e-09,2.7048209547843045e-08,0.00527952621838601,89,8192,0.067,0.30618621784789724
1.9967736439113678e-08,2.4959669447159073e-09,1.9967739964659523e-08,0.003326983584546639,90,8192,0.067,0.30618621784789724
2.425822985141358e-08,3.0322785179134876e-09,2.425823668383677e-08,0.003797226709693291,91,8192,0.067,0.30618621784789724
2.4660243355988696e-08,3.0825301776386157e-09,2.4660251095508525e-08,0.004288907723971391,92,8192,0.067,0.30618621784789724
2.168415721817928e-08,2.710519426818088e-09,2.1684164432718193e-08,0.003968462218875146,93,8192,0.067,0.30618621784789724
2.3232638136353806e-08,2.9040795701881936e-09,2.323264443574722e-08,0.0032002370642931766,94,8192,0.067,0.30618621784789724
2.7510789776602127e-08,3.438848356538372e-09,2.751080147378408e-08,0.0047869850114174994,95,8192,0.067,0.30618621784789724
2.8660582151921997e-08,3.582572202146078e-09,2.8660600290938816e-08,0.005517184771937522,96,8192,0.067,0.30618621784789724
3.032067454428974e-08,3.790083392080672e-09,3.0320704174874494e-08,0.006242282388640774,97,8192,0.067,0.30618621784789724
2.5627556660812387e-08,3.2034442884042753e-09,2.562756607512607e-08,0.0042040447596676245,98,8192,0.067,0.30618621784789724
2.332283057624608e-08,2.915353443877728e-09,2.3322842677145004e-08,0.005093741067000224,99,8192,0.067,0.30618621784789724
1.798999932444615e-08,2.2487498252932228e-09,1.7990002212847758e-08,0.0028767345357838536,100,8192,0.067,0.30618621784789724
2.2892700363439936e-08,2.8615874238068927e-09,2.289270425537924e-08,0.0026139258552824174,101,8192,0.067,0.30618621784789724
2.4935762363215824e-08,3.116969872465571e-09,2.4935775897183608e-08,0.005592550502866445,102,8192,0.067,0.30618621784789724
2.1844137150119968e-08,2.730516913231737e-09,2.1844144527184955e-08,0.0038646803108566274,103,8192,0.067,0.30618621784789724
2.7363719166894785e-08,3.4204644203882346e-09,2.7363734382053255e-08,0.005570578927631686,104,8192,0.067,0.30618621784789724
2.1692040758231697e-08,2.7115049349263017e-09,2.169204587351713e-08,0.0032811572734043892,105,8192,0.067,0.30618621784789724
3.0133954270246096e-08,3.76674366782242e-09,3.0133973980917256e-08,0.00595930223422414,106,8192,0.067,0.30618621784789724
2.5218533512233053e-08,3.152316540935941e-09,2.521853825121534e-08,0.002777635044001414,107,8192,0.067,0.30618621784789724
2.2879447456033082e-08,2.8599304963661007e-09,2.2879461396453348e-08,0.005741850158376138,108,8192,0.067,0.30618621784789724
2.7207631443089644e-08,3.400953492024479e-09,2.72076454706667e-08,0.004720487604725321,109,8192,0.067,0.30618621784789724
2.5129504025036863e-08,3.141187778286039e-09,2.5129511220031744e-08,0.004310949500970551,110,8192,0.067,0.30618621784789724
2.5379902303158655e-08,3.172487486823334e-09,2.5379911937447813e-08,0.004804561928464679,111,8192,0.067,0.30618621784789724
1.9084592916233737e-08,2.385574042199128e-09,1.908459523079664e-08,0.002412415269439805,112,8192,0.067,0.30618621784789724
2.0746463500857548e-08,2.593307833792529e-09,2.0746466822926954e-08,0.0030970073227205575,113,8192,0.067,0.30618621784789724
3.434296852279865e-08,4.2928691261646166e-09,3.4343030576757064e-08,0.008395935195654403,114,8192,0.067,0.30618621784789724
2.5270737203730503e-08,3.1588419581006513e-09,2.5270743359431995e-08,0.0033683994572477616,115,8192,0.067,0.30618621784789724
2.3830559852820755e-08,2.978819805066946e-09,2.383056550196185e-08,0.0035651765503246224,116,8192,0.067,0.30618621784789724
2.8105307113891446e-08,3.5131631004599476e-09,2.810531635473968e-08,0.0041213895643874565,117,8192,0.067,0.30618621784789724
3.231198211962369e-08,4.038997088634382e-09,3.231200376182206e-08,0.005275160272574908,118,8192,0.067,0.30618621784789724
2.732157589713693e-08,3.415196795081228e-09,2.7321582043085612e-08,0.0031516815512890872,119,8192,0.067,0.30618621784789724
1.923878081856743e-08,2.404847524491986e-09,1.923878330909367e-08,0.0022915599011437138,120,8192,0.067,0.30618621784789724
1.7958446099654367e-08,2.244805703117009e-09,1.795844799852761e-08,0.0026467869919279963,121,8192,0.067,0.30618621784789724
2.462975215275581e-08,3.078718729921318e-09,2.4629761406298116e-08,0.004770559372872185,122,8192,0.067,0.30618621784789724
2.2050981766959065e-08,2.7563726204985386e-09,2.2050984978842217e-08,0.0024646774496979162,123,8192,0.067,0.30618621784789724
2.1711580223689425e-08,2.713947377327011e-09,2.17115850439831e-08,0.003795598526712851,124,8192,0.067,0.30618621784789724
2.289420868777219e-08,2.8617759189606588e-09,2.2894214032120163e-08,0.0031380499439244147,125,8192,0.067,0.30618621784789724
2.0288869468188047e-08,2.536108551974444e-09,2.02888736777583e-08,0.0034907447630221355,126,8192,0.067,0.30618621784789724
2.308142099238522e-08,2.8851774349324537e-09,2.3081427044088105e-08,0.004049618886753592,127,8192,0.067,0.30618621784789724
7.594678787821277e-08,9.493344949018283e-09,7.594690102252383e-08,0.008263628019541613,0,8192,0.082,0.30618621784789724
1.0197274329371416e-07,1.2746586371997242e-08,1.0197295256477774e-07,0.01008076853813833,1,8192,0.082,0.30618621784789724
6.515817709920044e-08,8.144771260059522e-09,6.515820517410072e-08,0.004973655403928134,2,8192,0.082,0.30618621784789724
5.813498398304982e-08,7.266872430305202e-09,5.813500214548396e-08,0.004125301417744254,3,8192,0.082,0.30618621784789724
8.73092851102032e-08,1.0913656189910604e-08,8.730942747397309e-08,0.01016507200470862,4,8192,0.082,0.30618621784789724
9.50795035128022e-08,1.1884933992407811e-08,9.507962980700829e-08,0.008620814789189524,5,8192,0.082,0.30618621784789724
6.681868897066963e-08,8.352334144881662e-09,6.681875221715345e-08,0.007193002924235969,6,8192,0.082,0.30618621784789724
8.333684542125611e-08,1.0417103341977876e-08,8.333692016300577e-08,0.0065747628051777696,7,8192,0.082,0.30618621784789724
7.37143440637644e-08,9.214291637838994e-09,7.371438790798001e-08,0.00541299374059534,8,8192,0.082,0.30618621784789724
7.110709836158603e-08,8.888384909181263e-09,7.110717471415611e-08,0.0077507270812997575,9,8192,0.082,0.30618621784789724
6.073752782660903e-08,7.592190362243052e-09,6.073754754126875e-08,0.003852137051383764,10,8192,0.082,0.30618621784789724
5.388284666063594e-08,6.735355308131457e-09,5.388286344297433e-08,0.004238837766010306,11,8192,0.082,0.30618621784789724
8.070337243783213e-08,1.0087916368964712e-08,8.070353838239899e-08,0.010152467853506764,12,8192,0.082,0.30618621784789724
1.3014224625675995e-07,1.626775880550576e-08,1.301429495086118e-07,0.014151942278978424,13,8192,0.082,0.30618621784789724
1.0280543426901392e-07,1.2850667594980463e-08,1.0280580830614429e-07,0.013133762532822502,14,8192,0.082,0.30618621784789724
9.208962645954782e-08,1.1511199555956074e-08,9.208974650719158e-08,0.008626176683367959,15,8192,0.082,0.30618621784789724
8.66569645001916e-08,1.0832118364013832e-08,8.66570348525292e-08,0.006297031278773346,16,8192,0.082,0.30618621784789724
7.00163877431395e-08,8.752047173882128e-09,7.001642915147619e-08,0.00596939058761059,17,8192,0.082,0.30618621784789724
8.212814442477583e-08,1.0266014485223362e-08,8.21282585967838e-08,0.008869418840129484,18,8192,0.082,0.30618621784789724
6.510834761276965e-08,8.13854249069903e-09,6.510837836148241e-08,0.00454154151063868,19,8192,0.082,0.30618621784789724
7.514000411719218e-08,9.392498054466125e-09,7.514008284307154e-08,0.00776937913498621,20,8192,0.082,0.30618621784789724
7.187450060887586e-08,8.984311313102992e-09,7.187454102508851e-08,0.004795725253439187,21,8192,0.082,0.30618621784789724
7.745434096023064e-08,9.68178928724826e-09,7.745444760926805e-08,0.009327123136944948,22,8192,0.082,0.30618621784789724
7.705148363802849e-08,9.631431933745749e-09,7.705159631032701e-08,0.00851881579419711,23,8192,0.082,0.30618621784789724
6.660879397352849e-08,8.326097939032603e-09,6.660883581860713e-08,0.006397204012102975,24,8192,0.082,0.30618621784789724
7.303101427893376e-08,9.128875103091902e-09,7.303106809573984e-08,0.006834914551562932,25,8192,0.082,0.30618621784789724
6.021881396834621e-08,7.527350771954069e-09,6.021884513920596e-08,0.005874259947935556,26,8192,0.082,0.30618621784789724
9.155665006840772e-08,1.1444577768444832e-08,9.155676175184207e-08,0.008287055973692503,27,8192,0.082,0.30618621784789724
8.14888782342922e-08,1.0186107076468252e-08,8.148896472450215e-08,0.007110962981872859,28,8192,0.082,0.30618621784789724
9.82391708246302e-08,1.227989232158762e-08,9.82392998323889e-08,0.008146519893195148,29,8192,0.082,0.30618621784789724
7.606041423728956e-08,9.507548655069988e-09,7.606051422424708e-08,0.008460433432306402,30,8192,0.082,0.30618621784789724
9.22961705779178e-08,1.1537014022554243e-08,9.229640416800536e-08,0.01024726114208363,31,8192,0.082,0.30618621784789724
7.254927956307085e-08,9.068658618904338e-09,7.254932201042103e-08,0.005334937784912341,32,8192,0.082,0.30618621784789724
7.848800580468673e-08,9.810997497215887e-09,7.848810911256351e-08,0.007859033371671487,33,8192,0.082,0.30618621784789724
9.041338679759152e-08,1.1301669377687225e-08,9.041351390201215e-08,0.008254093162667786,34,8192,0.082,0.30618621784789724
7.620922781435164e-08,9.52615205136491e-09,7.620927342808775e-08,0.005740084401043788,35,8192,0.082,0.30618621784789724
8.772516101966443e-08,1.0965636499871528e-08,8.772543710274088e-08,0.012364709337843394,36,8192,0.082,0.30618621784789724
6.853057565678105e-08,8.566320035124946e-09,6.853063715992805e-08,0.00777523793754753,37,8192,0.082,0.30618621784789724
9.435130995884936e-08,1.179390824660323e-08,9.435148590302639e-08,0.008684583670765633,38,8192,0.082,0.30618621784789724
6.974504603590885e-08,8.718129730054455e-09,6.974507881780552e-08,0.004985043176532145,39,8192,0.082,0.30618621784789724
8.205896290421606e-08,1.0257365349551073e-08,8.205912333555269e-08,0.010246000959751811,40,8192,0.082,0.30618621784789724
8.702882081217685e-08,1.087859836591984e-08,8.702895635151807e-08,0.009422376749293804,41,8192,0.082,0.30618621784789724
6.656326973663124e-08,8.320407502394152e-09,6.656330860654933e-08,0.005607308352336915,42,8192,0.082,0.30618621784789724
1.0453480824752048e-07,1.3066846530231002e-08,1.0453495227025748e-07,0.007656169182148176,43,8192,0.082,0.30618621784789724
9.230839459239477e-08,1.1538544764493752e-08,9.230854049823376e-08,0.008744215335141803,44,8192,0.082,0.30618621784789724
1.0220354017885152e-07,1.2775424734564347e-08,1.0220410938919576e-07,0.015063918196169368,45,8192,0.082,0.30618621784789724
6.678606155144522e-08,8.348256720179283e-09,6.67860927114934e-08,0.0057316542409395765,46,8192,0.082,0.30618621784789724
8.461888595365116e-08,1.0577356067307445e-08,8.461903561450977e-08,0.009960841435418644,47,8192,0.082,0.30618621784789724
7.03428207112087e-08,8.792850324502302e-09,7.034289317199268e-08,0.007249740414728478,48,8192,0.082,0.30618621784789724
6.596766615300007e-08,8.245956820957322e-09,6.596771249437495e-08,0.005814128123303064,49,8192,0.082,0.30618621784789724
8.8477738754667e-08,1.1059710489985162e-08,8.847795809397603e-08,0.010735315829228043,50,8192,0.082,0.30618621784789724
8.662277371955395e-08,1.0827843384642696e-08,8.662288028924061e-08,0.007722366843283979,51,8192,0.082,0.30618621784789724
6.899175161905744e-08,8.623967233291187e-09,6.899180662998302e-08,0.00698115461524651,52,8192,0.082,0.30618621784789724
8.857449151915043e-08,1.1071808879977845e-08,8.857457343647872e-08,0.006949487723556302,53,8192,0.082,0.30618621784789724
1.1196346998744032e-07,1.3995421370240962e-08,1.1196386608994405e-07,0.013079450957357963,54,8192,0.082,0.30618621784789724
5.591927192329558e-08,6.98990849334364e-09,5.5919287829482446e-08,0.004208196127606811,55,8192,0.082,0.30618621784789724
6.563375616668299e-08,8.204218660897992e-09,6.56337836846823e-08,0.005207073037738041,56,8192,0.082,0.30618621784789724
1.0714477209220006e-07,1.339308895399133e-08,1.0714501393348017e-07,0.011442178842784756,57,8192,0.082,0.30618621784789724
7.652673715384783e-08,9.565839153002739e-09,7.652683287319656e-08,0.008864820142859386,58,8192,0.082,0.30618621784789724
8.258831438994934e-08,1.0323536947396844e-08,8.258838963306891e-08,0.00745042211122815,59,8192,0.082,0.30618621784789724
8.19116446114265e-08,1.0238953891939383e-08,8.191169851508274e-08,0.006594388268331031,60,8192,0.082,0.30618621784789724
1.058524770949229e-07,1.3231541673129943e-08,1.0585305193518492e-07,0.013755589504231835,61,8192,0.082,0.30618621784789724
7.283466566720155e-08,9.104331483538892e-09,7.283472086277233e-08,0.005701996924237562,62,8192,0.082,0.30618621784789724
7.846184292910227e-08,9.807728979709966e-09,7.846188729479816e-08,0.0052868831932197935,63,8192,0.082,0.30618621784789724
7.14357650393198e-08,8.929469393431791e-09,7.14358046067871e-08,0.005559728172315204,64,8192,0.082,0.30618621784789724
9.996643246908582e-08,1.2495796391961799e-08,9.996667780283121e-08,0.010938401652742513,65,8192,0.082,0.30618621784789724
8.966746210718272e-08,1.1208430262055994e-08,8.966754215013754e-08,0.006077776726998607,66,8192,0.082,0.30618621784789724
9.054514430860196e-08,1.1318131709363975e-08,9.054550684384193e-08,0.01330709762984661,67,8192,0.082,0.30618621784789724
7.99703990555774e-08,9.996298171326196e-09,7.997045379545663e-08,0.005360955736984252,68,8192,0.082,0.30618621784789724
9.03719493918293e-08,1.129648425929408e-08,9.037225066209563e-08,0.012698447190444995,69,8192,0.082,0.30618621784789724
8.371884743250933e-08,1.0464853335929843e-08,8.371893041281552e-08,0.007223239145263349,70,8192,0.082,0.30618621784789724
7.007702781611919e-08,8.759626274891019e-09,7.007709828410602e-08,0.007615726126990907,71,8192,0.082,0.30618621784789724
9.229122051145267e-08,1.1536399126257637e-08,9.22913305170497e-08,0.006896752308518828,72,8192,0.082,0.30618621784789724
8.212461827586801e-08,1.0265575537758683e-08,8.212467417107062e-08,0.005722569304587921,73,8192,0.082,0.30618621784789724
6.966121425053996e-08,8.707650780773985e-09,6.966124626793551e-08,0.005018767214229669,74,8192,0.082,0.30618621784789724
6.076705057664841e-08,7.595880407918152e-09,6.076707982986489e-08,0.005060796039458637,75,8192,0.082,0.30618621784789724
9.278904467945089e-08,1.159862707609642e-08,9.278915696220179e-08,0.007424519854264844,76,8192,0.082,0.30618621784789724
8.817636169827217e-08,1.1022042608870243e-08,8.817644500753177e-08,0.00651159687724423,77,8192,0.082,0.30618621784789724
6.184925196309602e-08,7.731155755015796e-09,6.184927565497702e-08,0.005012724983481931,78,8192,0.082,0.30618621784789724
1.526476847807186e-07,1.9080906510527364e-08,1.526494155713333e-07,0.019246693060896547,79,8192,0.082,0.30618621784789724
9.487654481665703e-08,1.1859565535236942e-08,9.487662695571977e-08,0.006809610301976576,80,8192,0.082,0.30618621784789724
8.264541387709571e-08,1.0330672985030992e-08,8.264553386454372e-08,0.009072990790501834,81,8192,0.082,0.30618621784789724
1.4931321456813016e-07,1.8664082619262983e-08,1.4931542903205565e-07,0.021222557885991478,82,8192,0.082,0.30618621784789724
7.157565093151218e-08,8.946954782013103e-09,7.157570163315025e-08,0.005976884885280143,83,8192,0.082,0.30618621784789724
8.932851141646549e-08,1.116606078373779e-08,8.932861200274265e-08,0.0067731098439480775,84,8192,0.082,0.30618621784789724
7.981217134740484e-08,9.976519076779076e-09,7.981224628011154e-08,0.007111724133332942,85,8192,0.082,0.30618621784789724
7.683936797700531e-08,9.604918182994582e-09,7.683945802923276e-08,0.007896803904111849,86,8192,0.082,0.30618621784789724
7.814944894559291e-08,9.768679464908828e-09,7.814950185089008e-08,0.005573161424280215,87,8192,0.082,0.30618621784789724
6.157852341308444e-08,7.697314406899203e-09,6.157855604465193e-08,0.005234817350434184,88,8192,0.082,0.30618621784789724
9.018464008875571e-08,1.1273075738790486e-08,9.018477680255402e-08,0.009422144021934642,89,8192,0.082,0.30618621784789724
6.659394006548755e-08,8.324241320909147e-09,6.659397805835096e-08,0.006005339012675748,90,8192,0.082,0.30618621784789724
8.095693713872463e-08,1.0119614813779388e-08,8.095701165269893e-08,0.0068093090407099766,91,8192,0.082,0.30618621784789724
8.19498829803088e-08,1.0243732735976346e-08,8.194996735032666e-08,0.0077148447020363164,92,8192,0.082,0.30618621784789724
7.134808658297684e-08,8.918508494865034e-09,7.134816107922266e-08,0.00706814270589895,93,8192,0.082,0.30618621784789724
7.663185011497493e-08,9.578979180328109e-09,7.663191680438805e-08,0.005944839222170373,94,8192,0.082,0.30618621784789724
9.135957531916298e-08,1.1419942814198074e-08,9.135970654153046e-08,0.008926938632631831,95,8192,0.082,0.30618621784789724
9.640988924211683e-08,1.2051229172717195e-08,9.641011268378811e-08,0.010585132351291549,96,8192,0.082,0.30618621784789724
1.0027578128006777e-07,1.253446282321311e-08,1.0027609605777038e-07,0.011203607505814617,97,8192,0.082,0.30618621784789724
8.457037173010768e-08,1.057129339909079e-08,8.457046987966472e-08,0.007595122342690885,98,8192,0.082,0.30618621784789724
7.653824222504516e-08,9.567276539234e-09,7.653836186979342e-08,0.008928254406171732,99,8192,0.082,0.30618621784789724
5.972101243175458e-08,7.465125578777834e-09,5.972104363788658e-08,0.005253166211396376,100,8192,0.082,0.30618621784789724
7.638588020691732e-08,9.548233691628021e-09,7.638592290249477e-08,0.0046358085765803025,101,8192,0.082,0.30618621784789724
8.2175256007714e-08,1.0271902459045073e-08,8.217540134922505e-08,0.010153946060958319,102,8192,0.082,0.30618621784789724
7.293468667631491e-08,9.11683323786431e-09,7.293476976994333e-08,0.007213096583500445,103,8192,0.082,0.30618621784789724
9.028734157633477e-08,1.1285912642310551e-08,9.028750332783433e-08,0.010041389088016217,104,8192,0.082,0.30618621784789724
7.254706204914643e-08,9.068380981217428e-09,7.254711884678537e-08,0.006023341771205892,105,8192,0.082,0.30618621784789724
1.00056776374135e-07,1.2507090650638644e-08,1.0005698105037685e-07,0.010631313426374689,106,8192,0.082,0.30618621784789724
8.431455283825619e-08,1.0539317433473516e-08,8.431460632013539e-08,0.005055104802780264,107,8192,0.082,0.30618621784789724
7.539137739895594e-08,9.423917616257926e-09,7.539152327463178e-08,0.01030633682485771,108,8192,0.082,0.30618621784789724
8.993168083424221e-08,1.124145543540493e-08,8.993183023831543e-08,0.008446107884713783,109,8192,0.082,0.30618621784789724
8.400503677860253e-08,1.0500627127200191e-08,8.400511582263126e-08,0.007893064738858868,110,8192,0.082,0.30618621784789724
8.470170957794436e-08,1.0587710472939727e-08,8.470181275569087e-08,0.008564713163055515,111,8192,0.082,0.30618621784789724
6.369618876697016e-08,7.962022787996719e-09,6.369621461895825e-08,0.0045177371782276765,112,8192,0.082,0.30618621784789724
6.939916283764738e-08,8.674894151006102e-09,6.939920135604785e-08,0.0058818295040072854,113,8192,0.082,0.30618621784789724
1.1879862625855426e-07,1.484980064099239e-08,1.187995107828057e-07,0.01652662036621777,114,8192,0.082,0.30618621784789724
8.438429745330137e-08,1.0548035031898393e-08,8.438436624577112e-08,0.0060207198996433675,115,8192,0.082,0.30618621784789724
7.852231759914982e-08,9.815287883919023e-09,7.852237571035058e-08,0.006238351146766519,116,8192,0.082,0.30618621784789724
9.38707484718925e-08,1.173384029968097e-08,9.387085276970043e-08,0.0075000014617288,117,8192,0.082,0.30618621784789724
1.0584271698977095e-07,1.3230332702598563e-08,1.058429384658224e-07,0.009383907532241054,118,8192,0.082,0.30618621784789724
9.035199041492748e-08,1.1293996727248589e-08,9.03520568026927e-08,0.0057754964438458956,119,8192,0.082,0.30618621784789724
6.450374797670432e-08,8.062967611694572e-09,6.450377630929775e-08,0.004303018758353261,120,8192,0.082,0.30618621784789724
6.022032956862508e-08,7.52754050070001e-09,6.02203518207273e-08,0.004849761776030803,121,8192,0.082,0.30618621784789724
8.077183432731739e-08,1.0096476448757502e-08,8.077192527638277e-08,0.008347043989582303,122,8192,0.082,0.30618621784789724
7.377695885905591e-08,9.222118728456437e-09,7.377699498467735e-08,0.004491951472861189,123,8192,0.082,0.30618621784789724
7.155101059818932e-08,8.943874771139164e-09,7.15510603145038e-08,0.006687264162406947,124,8192,0.082,0.30618621784789724
7.673208359396929e-08,9.591508580502153e-09,7.673214339378828e-08,0.005615573987839184,125,8192,0.082,0.30618621784789724
6.720432154789789e-08,8.400538770095818e-09,6.720436709643272e-08,0.006337458001887342,126,8192,0.082,0.30618621784789724
7.73302345678342e-08,9.666277215563502e-09,7.733030194115743e-08,0.007203268064564838,127,8192,0.082,0.30618621784789724
2.506190004170764e-07,3.132733297183653e-08,2.50620346988611e-07,0.0159339656919677,0,8192,0.1,0.30618621784789724
3.3343181997216965e-07,4.167890884358552e-08,3.334340168699025e-07,0.017583865222150052,1,8192,0.1,0.30618621784789724
2.1078132025941513e-07,2.6347656309868232e-08,2.1078159938138576e-07,0.008759480058332159,2,8192,0.1,0.30618621784789724
1.891086373241877e-07,2.3638573714393924e-08,1.8910882776037765e-07,0.007492040733259486,3,8192,0.1,0.30618621784789724
2.776566066938462e-07,3.470704087339775e-08,2.7765772552232664e-07,0.016517407146324103,4,8192,0.1,0.30618621784789724
3.021614319434489e-07,3.777014091788009e-08,3.02162650346495e-07,0.015281843707112941,5,8192,0.1,0.30618621784789724
2.1511956770208489e-07,2.6889926508649685e-08,2.1512019023418368e-07,0.012566361176855168,6,8192,0.1,0.30618621784789724
2.6795165931925365e-07,3.349393411551992e-08,2.679524049001605e-07,0.011730158866843254,7,8192,0.1,0.30618621784789724
2.415564018329563e-07,3.0194535643309666e-08,2.415568685790726e-07,0.009666639364295904,8,8192,0.1,0.30618621784789724
2.3104675166379943e-07,2.888081782956792e-08,2.3104758777380936e-07,0.014181578222457247,9,8192,0.1,0.30618621784789724
1.9763620557166641e-07,2.4704519242802508e-08,1.976364120886941e-07,0.006756471349797621,10,8192,0.1,0.30618621784789724
1.765079570672348e-07,2.206348890545573e-08,1.7650814036163676e-07,0.007597861442521392,11,8192,0.1,0.30618621784789724
2.6176565765632805e-07,3.272065353763347e-08,2.617673750810148e-07,0.01827151748699052,12,8192,0.1,0.30618621784789724
4.092482888538886e-07,5.1155836569614773e-08,4.092546740686504e-07,0.0245050485815117,13,8192,0.1,0.30618621784789724
3.251001282182911e-07,4.063742074264181e-08,3.251031773363487e-07,0.021715471634715655,14,8192,0.1,0.30618621784789724
2.9690478997535735e-07,3.711306097164904e-08,2.9690599878548596e-07,0.015273339568057764,15,8192,0.1,0.30618621784789724
2.816243402457504e-07,3.520301922417675e-08,2.8162508605558286e-07,0.011421514268063149,16,8192,0.1,0.30618621784789724
2.2803658558618203e-07,2.850455937282797e-08,2.280370280006581e-07,0.01085319165698806,17,8192,0.1,0.30618621784789724
2.649570779521865e-07,3.311960005828816e-08,2.6495818789721467e-07,0.015413998628911685,18,8192,0.1,0.30618621784789724
2.1200737802674403e-07,2.650091223421939e-08,2.1200769863880368e-07,0.008263328158083283,19,8192,0.1,0.30618621784789724
2.4323120096660843e-07,3.0403875887192204e-08,2.4323197644367486e-07,0.013554102989298045,20,8192,0.1,0.30618621784789724
2.3451484629864463e-07,2.9314342315547556e-08,2.34515277395874e-07,0.008869800547572027,21,8192,0.1,0.30618621784789724
2.5177914616151105e-07,3.1472359327009534e-08,2.517802323450977e-07,0.016497624951114176,22,8192,0.1,0.30618621784789724
2.4653326493938665e-07,3.081662448102316e-08,2.465343413055889e-07,0.014889062286027155,23,8192,0.1,0.30618621784789724
2.146904099323813e-07,2.6836288022132728e-08,2.1469083295390624e-07,0.011288876209546217,24,8192,0.1,0.30618621784789724
2.394992095971486e-07,2.9937380858859037e-08,2.394998605028526e-07,0.013431472345386553,25,8192,0.1,0.30618621784789724
1.9561266598652791e-07,2.4451573152022706e-08,1.9561298906807798e-07,0.010433639026791397,26,8192,0.1,0.30618621784789724
2.969233582813794e-07,3.711538457671825e-08,2.9692448495308677e-07,0.014627812684178565,27,8192,0.1,0.30618621784789724
2.5845529353165534e-07,3.230688631577521e-08,2.5845610555417184e-07,0.01238916210778207,28,8192,0.1,0.30618621784789724
3.170726844393916e-07,3.9634044831547395e-08,3.170739875887628e-07,0.014470323068749735,29,8192,0.1,0.30618621784789724
2.4829384173975704e-07,3.103669805738329e-08,2.4829487086376e-07,0.015001197136804478,30,8192,0.1,0.30618621784789724
3.0389110155488517e-07,3.798630696636079e-08,3.038936848563708e-07,0.01786862549370305,31,8192,0.1,0.30618621784789724
2.3514405910608514e-07,2.9392993642162523e-08,2.3514449898140857e-07,0.009424751081500204,32,8192,0.1,0.30618621784789724
2.5381353927808774e-07,3.1726659699834275e-08,2.538145859969801e-07,0.01426625173609608,33,8192,0.1,0.30618621784789724
2.9442496022674755e-07,3.680307662534336e-08,2.9442634912448395e-07,0.015344917036845374,34,8192,0.1,0.30618621784789724
2.441903078579992e-07,3.052377480738938e-08,2.441907454537126e-07,0.009582829929481562,35,8192,0.1,0.30618621784789724
2.830733343432802e-07,3.538408338480952e-08,2.830760034115647e-07,0.021719990608410455,36,8192,0.1,0.30618621784789724
2.2190743230836013e-07,2.7738410421268844e-08,2.2190802806179264e-07,0.013474350978130545,37,8192,0.1,0.30618621784789724
3.0654684498035195e-07,3.831829668872418e-08,3.065487308655402e-07,0.015522424543837232,38,8192,0.1,0.30618621784789724
2.2575562097309543e-07,2.821944182399546e-08,2.2575596649775543e-07,0.008835757951436207,39,8192,0.1,0.30618621784789724
2.6693973054451233e-07,3.336741048055521e-08,2.669415173489799e-07,0.018951796178996005,40,8192,0.1,0.30618621784789724
2.8229194060878446e-07,3.528644659101047e-08,2.8229341213414155e-07,0.017280478868418214,41,8192,0.1,0.30618621784789724
2.1427084350126437e-07,2.678384345556999e-08,2.1427122692825817e-07,0.00959656992848501,42,8192,0.1,0.30618621784789724
3.396375130437909e-07,4.245463955535512e-08,3.396390994494286e-07,0.01472724151175342,43,8192,0.1,0.30618621784789724
2.984227954673189e-07,3.730280397068823e-08,2.9842425027636584e-07,0.01528500854753645,44,8192,0.1,0.30618621784789724
3.4822345332985084e-07,4.3527694384506324e-08,3.482310463945298e-07,0.02888325875279918,45,8192,0.1,0.30618621784789724
2.163419804196995e-07,2.7042737589121935e-08,2.1634229924673426e-07,0.01007097974641269,46,8192,0.1,0.30618621784789724
2.7226811823259365e-07,3.403346989218334e-08,2.7226955461576035e-07,0.017419192864124966,47,8192,0.1,0.30618621784789724
2.2875774290735755e-07,2.8594694061660032e-08,2.2875850456444274e-07,0.012679572669842543,48,8192,0.1,0.30618621784789724
2.1465699647894716e-07,2.6832108973108775e-08,2.1465749525557762e-07,0.010925178001532032,49,8192,0.1,0.30618621784789724
2.842667931800215e-07,3.5533282960006504e-08,2.8426891118475627e-07,0.01880956970826908,50,8192,0.1,0.30618621784789724
2.813550233744254e-07,3.516934443618536e-08,2.8135609491537913e-07,0.01411155160120714,51,8192,0.1,0.30618621784789724
2.2377641126885574e-07,2.797203380453311e-08,2.2377697459965233e-07,0.012320769014266375,52,8192,0.1,0.30618621784789724
2.934623978244556e-07,3.668277065153195e-08,2.9346332827393637e-07,0.0126895191534242,53,8192,0.1,0.30618621784789724
3.575924942008378e-07,4.469894433247975e-08,3.5759625237773893e-07,0.022824934916124917,54,8192,0.1,0.30618621784789724
1.8066769084423954e-07,2.258345631318032e-08,1.8066785219945962e-07,0.007360070207923286,55,8192,0.1,0.30618621784789724
2.134194244474941e-07,2.6677418411874296e-08,2.134197330576296e-07,0.010157480299460175,56,8192,0.1,0.30618621784789724
3.4320971993408353e-07,4.290114081168753e-08,3.4321209370257104e-07,0.020212383033939574,57,8192,0.1,0.30618621784789724
2.488086030389955e-07,3.110104471684987e-08,2.488095842572261e-07,0.015778177295171503,58,8192,0.1,0.30618621784789724
2.6928261802074903e-07,3.366030190659946e-08,2.6928342909330273e-07,0.013238666791531628,59,8192,0.1,0.30618621784789724
2.647218170026501e-07,3.3090209687887756e-08,2.6472237500119674e-07,0.011931898333958912,60,8192,0.1,0.30618621784789724
3.3514286354950074e-07,4.18926877079482e-08,3.351483111140803e-07,0.023979698829435847,61,8192,0.1,0.30618621784789724
2.342484516284264e-07,2.9281039289141544e-08,2.3424900088988754e-07,0.010179589108174625,62,8192,0.1,0.30618621784789724
2.5563215520710803e-07,3.195400498848677e-08,2.556326164041536e-07,0.00952849564120406,63,8192,0.1,0.30618621784789724
2.324000184659328e-07,2.9049989242628543e-08,2.3240043656573567e-07,0.009900507878231934,64,8192,0.1,0.30618621784789724
3.253304635497108e-07,4.066622611894909e-08,3.253330819486561e-07,0.019997527863163,65,8192,0.1,0.30618621784789724
2.87311236978433e-07,3.591387999306423e-08,2.8731202511458475e-07,0.010587212220523057,66,8192,0.1,0.30618621784789724
2.8768823561825285e-07,3.59609247038728e-08,2.876915875807187e-07,0.023181816812968492,67,8192,0.1,0.30618621784789724
2.620759778180587e-07,3.275947874174529e-08,2.620765693547223e-07,0.009793018996829161,68,8192,0.1,0.30618621784789724
2.9310807738186217e-07,3.6638419124961525e-08,2.931109749210488e-07,0.022276932599261556,69,8192,0.1,0.30618621784789724
2.68265042691921e-07,3.3533105503702406e-08,2.6826583734179944e-07,0.012288722039329514,70,8192,0.1,0.30618621784789724
2.2393120576531393e-07,2.7991379504056414e-08,2.2393188469742228e-07,0.013310074695612073,71,8192,0.1,0.30618621784789724
3.0223512395832485e-07,3.777935426992841e-08,3.0223628315496124e-07,0.012623881499203904,72,8192,0.1,0.30618621784789724
2.6700356367983346e-07,3.3375426692084895e-08,2.6700416425276216e-07,0.010827252002188814,73,8192,0.1,0.30618621784789724
2.2697613199362333e-07,2.837200602211251e-08,2.2697646726062455e-07,0.008882955090225408,74,8192,0.1,0.30618621784789724
1.9924411269998717e-07,2.4905504028019247e-08,1.992444346034596e-07,0.00921820198571588,75,8192,0.1,0.30618621784789724
3.022919418109105e-07,3.7786455433455374e-08,3.022931351851358e-07,0.01375380443492702,76,8192,0.1,0.30618621784789724
2.815773263100722e-07,3.519714000982981e-08,2.8157815123638204e-07,0.011205788590713084,77,8192,0.1,0.30618621784789724
1.9947584425961308e-07,2.4934472919295778e-08,1.994760878806802e-07,0.0090115113664897,78,8192,0.1,0.30618621784789724
4.7512933266608993e-07,5.939070622388479e-08,4.75144064277329e-07,0.032638795188315584,79,8192,0.1,0.30618621784789724
3.0589509472086643e-07,3.823686069286723e-08,3.058959314331037e-07,0.011882630191637489,80,8192,0.1,0.30618621784789724
2.6568079135533333e-07,3.3210062975036187e-08,2.656819415771114e-07,0.015750255306533845,81,8192,0.1,0.30618621784789724
4.681932143622739e-07,5.8523535927319265e-08,4.682129223418383e-07,0.036555285235220225,82,8192,0.1,0.30618621784789724
2.3319941950017016e-07,2.9149910726133206e-08,2.3319995426487656e-07,0.010459599085521631,83,8192,0.1,0.30618621784789724
2.8871478683242734e-07,3.608931565774287e-08,2.8871583311519376e-07,0.012252065763913578,84,8192,0.1,0.30618621784789724
2.609843719435447e-07,3.2623020585440996e-08,2.609852009843064e-07,0.01329703080727107,85,8192,0.1,0.30618621784789724
2.4509571414012213e-07,3.063693725780222e-08,2.45096578451906e-07,0.013814076819832266,86,8192,0.1,0.30618621784789724
2.507187077222694e-07,3.1339821714683825e-08,2.507192437417294e-07,0.009950952983158956,87,8192,0.1,0.30618621784789724
2.0124592407159638e-07,2.515572988225854e-08,2.012462641258478e-07,0.009319413716884384,88,8192,0.1,0.30618621784789724
2.9277281514755e-07,3.6596558005503965e-08,2.927742195638122e-07,0.01644596551351718,89,8192,0.1,0.30618621784789724
2.1645255613525096e-07,2.7056557473331808e-08,2.1645294152982057e-07,0.010604590142250458,90,8192,0.1,0.30618621784789724
2.6350931835669777e-07,3.293864074632456e-08,2.63510087901618e-07,0.011960398208490375,91,8192,0.1,0.30618621784789724
2.648818713683618e-07,3.311020698631389e-08,2.6488273328057716e-07,0.013602803683328446,92,8192,0.1,0.30618621784789724
2.281907183180094e-07,2.8523817393423864e-08,2.2819143500105143e-07,0.012344052176008091,93,8192,0.1,0.30618621784789724
2.4548276382744697e-07,3.068532482618116e-08,2.4548342469983337e-07,0.010860416753823543,94,8192,0.1,0.30618621784789724
2.9488464223863497e-07,3.686053726019615e-08,2.948860188688302e-07,0.01631802800824289,95,8192,0.1,0.30618621784789724
3.156182459798671e-07,3.9452198885487626e-08,3.156208655703475e-07,0.020039305150039155,96,8192,0.1,0.30618621784789724
3.216789503578616e-07,4.020977253011778e-08,3.216820308331079e-07,0.019626274873591143,97,8192,0.1,0.30618621784789724
2.7165816765097865e-07,3.395724097875437e-08,2.716591269356917e-07,0.013493521212252446,98,8192,0.1,0.30618621784789724
2.4471869846991426e-07,3.058980253976397e-08,2.4471981107858146e-07,0.015255654003906827,99,8192,0.1,0.30618621784789724
1.9318027357259543e-07,2.4147524256171267e-08,1.9318059166563688e-07,0.009463195153466941,100,8192,0.1,0.30618621784789724
2.485203998733159e-07,3.1065036076836905e-08,2.485208449079579e-07,0.008077356907872257,101,8192,0.1,0.30618621784789724
2.6338184224487763e-07,3.292268469757678e-08,2.633833009050496e-07,0.01810820956057313,102,8192,0.1,0.30618621784789724
2.3720681522516754e-07,2.965082440676873e-08,2.3720769511017214e-07,0.013253916832871582,103,8192,0.1,0.30618621784789724
2.894957715572644e-07,3.6186921418181354e-08,2.8949737240753517e-07,0.01775364570852389,104,8192,0.1,0.30618621784789724
2.3636082217020423e-07,2.954508413360947e-08,2.3636141857588517e-07,0.01086511155638803,105,8192,0.1,0.30618621784789724
3.2281283031959957e-07,4.035154244276122e-08,3.228147934335821e-07,0.018535232125390877,106,8192,0.1,0.30618621784789724
2.7458430697357355e-07,3.432302042376349e-08,2.745848813076813e-07,0.009056865706666528,107,8192,0.1,0.30618621784789724
2.4125228449279926e-07,3.0156491741382875e-08,2.4125368674283005e-07,0.018073459767768085,108,8192,0.1,0.30618621784789724
2.886547989297054e-07,3.60818036301796e-08,2.8865627848468537e-07,0.01480105466373871,109,8192,0.1,0.30618621784789724
2.7378279454897087e-07,3.4222823673122215e-08,2.7378361520576907e-07,0.01418961625844517,110,8192,0.1,0.30618621784789724
2.7555207774290673e-07,3.444397721664065e-08,2.755531177832274e-07,0.014926076722524328,111,8192,0.1,0.30618621784789724
2.0728822436031677e-07,2.591101946205031e-08,2.0728849901606055e-07,0.008371263462487732,112,8192,0.1,0.30618621784789724
2.263258459796064e-07,2.8290717484349233e-08,2.263262703991007e-07,0.011015457193318312,113,8192,0.1,0.30618621784789724
4.0110388623597425e-07,5.013761162609382e-08,4.01115859238079e-07,0.032009272714951464,114,8192,0.1,0.30618621784789724
2.7440598165487935e-07,3.430072497041451e-08,2.744067092215806e-07,0.010729248323229967,115,8192,0.1,0.30618621784789724
2.5155504666454503e-07,3.1444363320402686e-08,2.515556070701224e-07,0.01064463575018948,116,8192,0.1,0.30618621784789724
3.056075045823756e-07,3.820090295770978e-08,3.056086282662117e-07,0.01342982381595803,117,8192,0.1,0.30618621784789724
3.364922197178936e-07,4.2061461967708024e-08,3.3649431562621633e-07,0.016328021685689365,118,8192,0.1,0.30618621784789724
2.9061750590814245e-07,3.632716714467134e-08,2.9061818091155696e-07,0.01039364901511064,119,8192,0.1,0.30618621784789724
2.1131837244568755e-07,2.6414786881537622e-08,2.1131868201932506e-07,0.007964081401150125,120,8192,0.1,0.30618621784789724
1.9756215204507703e-07,2.469526104797636e-08,1.9756240669023198e-07,0.00875642500214191,121,8192,0.1,0.30618621784789724
2.5740692584836505e-07,3.217584001173096e-08,2.5740774886734364e-07,0.014228127610378394,122,8192,0.1,0.30618621784789724
2.4072796528090497e-07,3.009098360672589e-08,2.407283509894317e-07,0.008190793794826234,123,8192,0.1,0.30618621784789724
2.296720253419597e-07,2.8708988077582718e-08,2.2967250822744805e-07,0.011520582957647463,124,8192,0.1,0.30618621784789724
2.505617328021112e-07,3.132019689506265e-08,2.505623633689142e-07,0.010248727485711484,125,8192,0.1,0.30618621784789724
2.1690673517108548e-07,2.7113327410127167e-08,2.1690719873166203e-07,0.01131258361775167,126,8192,0.1,0.30618621784789724
2.530295898726513e-07,3.162867603936927e-08,2.5303031610409444e-07,0.012528101821214221,127,8192,0.1,0.30618621784789724
8.250542121760111e-07,1.0313127640211946e-07,8.250702161014156e-07,0.030602853034295663,0,8192,0.122,0.30618621784789724
1.0838375616361394e-06,1.3547898506911314e-07,1.0838602860879784e-06,0.030161444401688442,1,8192,0.122,0.30618621784789724
6.810459612422939e-07,8.513065801480483e-08,6.810487497405171e-07,0.0152895787598748,2,8192,0.122,0.30618621784789724
6.123795424975008e-07,7.654738190367431e-08,6.123814915713412e-07,0.013281485222830014,3,8192,0.122,0.30618621784789724
8.803282465758248e-07,1.1004076444128605e-07,8.803367707877057e-07,0.02598872871331892,4,8192,0.122,0.30618621784789724
9.525057345218052e-07,1.1906286074891761e-07,9.525171286835233e-07,0.026710468134881538,5,8192,0.122,0.30618621784789724
6.882042313062565e-07,8.602534346579364e-08,6.882101656411782e-07,0.021644653798450264,6,8192,0.122,0.30618621784789724
8.559626334031851e-07,1.069951026621046e-07,8.55969881844034e-07,0.020729815892789105,7,8192,0.122,0.30618621784789724
7.908235684032194e-07,9.885279180889542e-08,7.908285041382709e-07,0.017131782475965807,8,8192,0.122,0.30618621784789724
7.476078693041489e-07,9.345070164175198e-08,7.476168940205504e-07,0.025820008938808314,9,8192,0.122,0.30618621784789724
6.418684088699428e-07,8.023348363157793e-08,6.418705681406362e-07,0.011703934994965692,10,8192,0.122,0.30618621784789724
5.775878849907627e-07,7.219842291554618e-08,5.775898916580276e-07,0.013445307009169127,11,8192,0.122,0.30618621784789724
8.454253565687345e-07,1.0567762835404625e-07,8.454426756303747e-07,0.0325881875563514,12,8192,0.122,0.30618621784789724
1.2669437877396269e-06,1.5836628935548016e-07,1.2669976799656193e-06,0.04153109729812954,13,8192,0.122,0.30618621784789724
1.0211217480981995e-06,1.2763947313171658e-07,1.0211456004517416e-06,0.03498810609759673,14,8192,0.122,0.30618621784789724
9.487850694254715e-07,1.1859776814968212e-07,9.487967663805177e-07,0.026701781751871323,15,8192,0.122,0.30618621784789724
9.097249861234128e-07,1.1371538251552497e-07,9.097326901366782e-07,0.02058208235330916,16,8192,0.122,0.30618621784789724
7.401114638097003e-07,9.251378776735356e-08,7.401161105015618e-07,0.019590635044535176,17,8192,0.122,0.30618621784789724
8.503080490498961e-07,1.0628817831546512e-07,8.503185391951396e-07,0.026404837373732448,18,8192,0.122,0.30618621784789724
6.883417418045486e-07,8.604261422496639e-08,6.883450538272273e-07,0.01496505054542041,19,8192,0.122,0.30618621784789724
7.824842173570538e-07,9.781029660267919e-08,7.824915955210477e-07,0.023318682223679943,20,8192,0.122,0.30618621784789724
7.633903908260789e-07,9.542365639622461e-08,7.633949494572146e-07,0.016350745006741718,21,8192,0.122,0.30618621784789724
8.149926052309254e-07,1.0187373939056042e-07,8.15003365710919e-07,0.028807046175435502,22,8192,0.122,0.30618621784789724
7.829261444990349e-07,9.786546068945082e-08,7.829359804696812e-07,0.02560085956443814,23,8192,0.122,0.30618621784789724
6.886005565691795e-07,8.60749379299154e-08,6.88604769096056e-07,0.019789586200523956,24,8192,0.122,0.30618621784789724
7.852550848101307e-07,9.815663086844187e-08,7.852632362923297e-07,0.02640123405961603,25,8192,0.122,0.30618621784789724
6.330171563196259e-07,7.912704190834655e-08,6.330204405362098e-07,0.018353838160811264,26,8192,0.122,0.30618621784789724
9.576623476785632e-07,1.1970744791227765e-07,9.576734052340167e-07,0.025450849210974624,27,8192,0.122,0.30618621784789724
8.126896440869222e-07,1.01585976539664e-07,8.126969711833995e-07,0.02141675103515084,28,8192,0.122,0.30618621784789724
1.0130415564767051e-06,1.2662980431611777e-07,1.0130540443053374e-06,0.025054432184669295,29,8192,0.122,0.30618621784789724
8.048342262716987e-07,1.0060396198644017e-07,8.048443478282504e-07,0.02604848625548506,30,8192,0.122,0.30618621784789724
9.954011482286025e-07,1.2442424769231322e-07,9.954298151966909e-07,0.03331067950832356,31,8192,0.122,0.30618621784789724
7.598111323451349e-07,9.497625090323676e-08,7.598156328278433e-07,0.016348149377058974,32,8192,0.122,0.30618621784789724
8.155777226719563e-07,1.0194689546356678e-07,8.155879585634563e-07,0.025588743529469937,33,8192,0.122,0.30618621784789724
9.533051380938346e-07,1.1916267339434763e-07,9.533201419150245e-07,0.028406805130646973,34,8192,0.122,0.30618621784789724
7.776778654452141e-07,9.720960380750726e-08,7.776820053905107e-07,0.015588211796227824,35,8192,0.122,0.30618621784789724
9.062731310640841e-07,1.1328337861235346e-07,9.062975399676152e-07,0.03752446519849073,36,8192,0.122,0.30618621784789724
7.15652054841609e-07,8.945633157741867e-08,7.156576637463018e-07,0.02296422055957592,37,8192,0.122,0.30618621784789724
9.893241831186714e-07,1.2366490355737863e-07,9.893440018596404e-07,0.028262047455687167,38,8192,0.122,0.30618621784789724
7.275318024468067e-07,9.094136234847394e-08,7.275354170875672e-07,0.01675511270829233,39,8192,0.122,0.30618621784789724
8.633494294204103e-07,1.079180694473155e-07,8.633689249463516e-07,0.034823819683664325,40,8192,0.122,0.30618621784789724
9.078469195301144e-07,1.1348038135928894e-07,9.078623942429146e-07,0.03133912000236805,41,8192,0.122,0.30618621784789724
6.865192539863741e-07,8.581479059447243e-08,6.865229709137175e-07,0.016071493189684816,42,8192,0.122,0.30618621784789724
1.095278810128172e-06,1.369093102536371e-07,1.0952961225965107e-06,0.02805041011889564,43,8192,0.122,0.30618621784789724
9.591618888539357e-07,1.1989479470727682e-07,9.591760136875656e-07,0.02633355925616776,44,8192,0.122,0.30618621784789724
1.1794289989293777e-06,1.474255780912473e-07,1.1795264980316768e-06,0.05479758924334277,45,8192,0.122,0.30618621784789724
6.980961130157827e-07,8.726191364347969e-08,6.980993284916867e-07,0.01740364281278417,46,8192,0.122,0.30618621784789724
8.711634736528051e-07,1.0889501837850796e-07,8.711767802232144e-07,0.03006354544798029,47,8192,0.122,0.30618621784789724
7.40343164491478e-07,9.254265089551855e-08,7.403509938262919e-07,0.023229348727898724,48,8192,0.122,0.30618621784789724
6.980850860348701e-07,8.726046753916961e-08,6.980904689327695e-07,0.02048930195012666,49,8192,0.122,0.30618621784789724
9.020344823997321e-07,1.1275371722983246e-07,9.020534607677693e-07,0.03211706585480911,50,8192,0.122,0.30618621784789724
9.109562444470408e-07,1.1386919650997198e-07,9.109669339534878e-07,0.025653800406310268,51,8192,0.122,0.30618621784789724
7.2330917844712e-07,9.041346992290387e-08,7.233148547159035e-07,0.021542097927572,52,8192,0.122,0.30618621784789724
9.694370619813078e-07,1.2117930238175996e-07,9.694476337168676e-07,0.02309652122943895,53,8192,0.122,0.30618621784789724
1.1275027986612985e-06,1.4093680159438079e-07,1.1275363426169349e-06,0.03911357804174287,54,8192,0.122,0.30618621784789724
5.815629295311339e-07,7.269531566933942e-08,5.815645462377709e-07,0.012701441533849334,55,8192,0.122,0.30618621784789724
6.923790020734043e-07,8.654726442544695e-08,6.923825487591874e-07,0.01984814737823548,56,8192,0.122,0.30618621784789724
1.0874060217830092e-06,1.3592506559955395e-07,1.0874280098980472e-06,0.035073426377900674,57,8192,0.122,0.30618621784789724
8.053234282413736e-07,1.0066512177252144e-07,8.053332445304539e-07,0.027846992184704433,58,8192,0.122,0.30618621784789724
8.741505936087186e-07,1.0926855295285456e-07,8.741592735779566e-07,0.023274179984206,59,8192,0.122,0.30618621784789724
8.502604553535908e-07,1.0628238081613031e-07,8.502660906633082e-07,0.021412267669274954,60,8192,0.122,0.30618621784789724
1.0457771234083693e-06,1.3072061973671275e-07,1.0458257860131743e-06,0.0410748812515731,61,8192,0.122,0.30618621784789724
7.490659822390619e-07,9.363307997430101e-08,7.490713520263744e-07,0.0180634386071592,62,8192,0.122,0.30618621784789724
8.302590111418081e-07,1.037822288503066e-07,8.302637325052872e-07,0.016985819893287513,63,8192,0.122,0.30618621784789724
7.532248095338518e-07,9.415296484580751e-08,7.532291726096081e-07,0.017482704098517488,64,8192,0.122,0.30618621784789724
1.051919376675904e-06,1.3148907107994894e-07,1.0519466090454683e-06,0.03631555054975699,65,8192,0.122,0.30618621784789724
9.14567002757297e-07,1.1432063878213357e-07,9.145745727718833e-07,0.018167495808656398,66,8192,0.122,0.30618621784789724
9.073821051174032e-07,1.1342184585019285e-07,9.074114587224479e-07,0.03978087611635317,67,8192,0.122,0.30618621784789724
8.566797182871974e-07,1.0708476555861303e-07,8.566860935701354e-07,0.01773882540070204,68,8192,0.122,0.30618621784789724
9.446041265925546e-07,1.1807468326794776e-07,9.446307686722976e-07,0.03856732319775347,69,8192,0.122,0.30618621784789724
8.542730646536114e-07,1.0678390183539839e-07,8.54280464553241e-07,0.020851367190495296,70,8192,0.122,0.30618621784789724
7.102462009804391e-07,8.87805781343511e-08,7.102525046207437e-07,0.02294907883627495,71,8192,0.122,0.30618621784789724
9.867460825786e-07,1.2334288326293628e-07,9.867581485144262e-07,0.023662620444067528,72,8192,0.122,0.30618621784789724
8.634926079255469e-07,1.0793637623172501e-07,8.634990002240055e-07,0.020390532844817955,73,8192,0.122,0.30618621784789724
7.378317771002463e-07,9.222886344023913e-08,7.378352554171284e-07,0.01557005600507999,74,8192,0.122,0.30618621784789724
6.515455436926715e-07,8.144308337111942e-08,6.515490505926355e-07,0.017106691380863737,75,8192,0.122,0.30618621784789724
9.792951148567225e-07,1.224115003384477e-07,9.793075634930785e-07,0.025312167996085932,76,8192,0.122,0.30618621784789724
8.91289866192494e-07,1.1141098492888768e-07,8.912978132549452e-07,0.01983806625596074,77,8192,0.122,0.30618621784789724
6.412416591635535e-07,8.015513015299416e-08,6.412441309245203e-07,0.016101859796650686,78,8192,0.122,0.30618621784789724
1.4572905578672308e-06,1.8215766885125381e-07,1.4574073884766974e-06,0.05422286002237087,79,8192,0.122,0.30618621784789724
9.791402679897984e-07,1.223922721491307e-07,9.791486311926038e-07,0.020426288084037125,80,8192,0.122,0.30618621784789724
8.48456754245326e-07,1.0605676386172716e-07,8.484673276923509e-07,0.026788056850771014,81,8192,0.122,0.30618621784789724
1.4354075678850557e-06,1.7942103353457908e-07,1.435564770812433e-06,0.061125652735384506,82,8192,0.122,0.30618621784789724
7.564951647061237e-07,9.456172008547124e-08,7.565007808051687e-07,0.01810153069547127,83,8192,0.122,0.30618621784789724
9.242515509741001e-07,1.1553111599596233e-07,9.242620430260815e-07,0.021689664110297713,84,8192,0.122,0.30618621784789724
8.49990778450232e-07,1.0624856146028902e-07,8.499999255488576e-07,0.024687918776564288,85,8192,0.122,0.30618621784789724
7.757418156135158e-07,9.696747847005544e-08,7.757497670521567e-07,0.023813305086985537,86,8192,0.122,0.30618621784789724
7.991420611208166e-07,9.989259087482286e-08,7.991473976182828e-07,0.018221050429325203,87,8192,0.122,0.30618621784789724
6.558187350682501e-07,8.197723289686518e-08,6.558222226459394e-07,0.016405519487522113,88,8192,0.122,0.30618621784789724
9.444060528969066e-07,1.1805031420044933e-07,9.444202101354402e-07,0.02826913104529183,89,8192,0.122,0.30618621784789724
7.004946250631137e-07,8.756170852377868e-08,7.004984525600021e-07,0.018425425712401022,90,8192,0.122,0.30618621784789724
8.551799426156864e-07,1.0689724684431269e-07,8.551878140765605e-07,0.020723728830445154,91,8192,0.122,0.30618621784789724
8.498313603976218e-07,1.0622865305365643e-07,8.498399042953923e-07,0.02368130024692583,92,8192,0.122,0.30618621784789724
7.245246617479259e-07,9.056537419073406e-08,7.24531334651773e-07,0.021318564690352204,93,8192,0.122,0.30618621784789724
7.790966819457844e-07,9.738688698936145e-08,7.791030260810548e-07,0.019637340614648835,94,8192,0.122,0.30618621784789724
9.4363408999837e-07,1.1795382828032284e-07,9.436479450852976e-07,0.029358837897245138,95,8192,0.122,0.30618621784789724
1.0250898502120373e-06,1.2813528907476537e-07,1.0251200009441892e-06,0.03768407531593709,96,8192,0.122,0.30618621784789724
1.0210258567289195e-06,1.276273381071752e-07,1.0210544644240442e-06,0.033736782557127754,97,8192,0.122,0.30618621784789724
8.67861622019377e-07,1.0848241650645138e-07,8.678707819171562e-07,0.02378807247542447,98,8192,0.122,0.30618621784789724
7.798440620733669e-07,9.748018550386998e-08,7.798543742804912e-07,0.02556339892609394,99,8192,0.122,0.30618621784789724
6.224264560136192e-07,7.780320738232596e-08,6.22429643838105e-07,0.016988858770444537,100,8192,0.122,0.30618621784789724
8.056166540237676e-07,1.0070193743132222e-07,8.056212723217513e-07,0.014318335607715227,101,8192,0.122,0.30618621784789724
8.383737347148669e-07,1.0479627459605422e-07,8.383878865946948e-07,0.031963613428162674,102,8192,0.122,0.30618621784789724
7.674122213360509e-07,9.592624466804122e-08,7.67421277334112e-07,0.024150638824300685,103,8192,0.122,0.30618621784789724
9.209124236762311e-07,1.1511357609329793e-07,9.209276834823697e-07,0.031019579616408777,104,8192,0.122,0.30618621784789724
7.657090151039309e-07,9.5713434806446e-08,7.657151617253735e-07,0.019395456566520863,105,8192,0.122,0.30618621784789724
1.0328540581090122e-06,1.291061955908062e-07,1.0328720317417586e-06,0.031776159069277554,106,8192,0.122,0.30618621784789724
8.891912207012745e-07,1.1114871166053842e-07,8.891973303779225e-07,0.016865883322081388,107,8192,0.122,0.30618621784789724
7.653934447698053e-07,9.567378251441726e-08,7.654061834689353e-07,0.031129540534067246,108,8192,0.122,0.30618621784789724
9.180051120447914e-07,1.1475019888798362e-07,9.18019195863033e-07,0.025596296516468442,109,8192,0.122,0.30618621784789724
8.886679678859854e-07,1.110832346868649e-07,8.886763294764958e-07,0.025223871136621057,110,8192,0.122,0.30618621784789724
8.925063218507651e-07,1.1156296904858496e-07,8.925165997326224e-07,0.025588312503515453,111,8192,0.122,0.30618621784789724
6.721653890044029e-07,8.402058303552679e-08,6.721682878881978e-07,0.0155134069861802,112,8192,0.122,0.30618621784789724
7.350702571093009e-07,9.18836382168491e-08,7.350748626166204e-07,0.020482740438277247,113,8192,0.122,0.30618621784789724
1.3423080632196714e-06,1.677836409620092e-07,1.342463809830807e-06,0.06120319035196076,114,8192,0.122,0.30618621784789724
8.869829374641718e-07,1.1087263121840097e-07,8.869904883472561e-07,0.02003742766513561,115,8192,0.122,0.30618621784789724
8.002248938868258e-07,1.0002794642646062e-07,8.002301837949445e-07,0.017822002786449076,116,8192,0.122,0.30618621784789724
9.897700526932423e-07,1.2372088221257546e-07,9.89782032701687e-07,0.02386724286485631,117,8192,0.122,0.30618621784789724
1.0596895393925842e-06,1.3246059833070666e-07,1.0597085504679705e-06,0.027988015699989433,118,8192,0.122,0.30618621784789724
9.282357663603744e-07,1.1602926099469884e-07,9.282424799817607e-07,0.018494733457611545,119,8192,0.122,0.30618621784789724
6.920886284683838e-07,8.651097175696804e-08,6.920920461223826e-07,0.014642686222574142,120,8192,0.122,0.30618621784789724
6.485011316124834e-07,8.106254790874331e-08,6.485041249865382e-07,0.016107286976758672,121,8192,0.122,0.30618621784789724
8.144527774307426e-07,1.0180637481219181e-07,8.144598931843851e-07,0.023763486615223428,122,8192,0.122,0.30618621784789724
7.82869384659663e-07,9.785854575330014e-08,7.828734591974038e-07,0.014999820916138162,123,8192,0.122,0.30618621784789724
7.341777739477022e-07,9.177207738708384e-08,7.341823933598732e-07,0.019552276540348856,124,8192,0.122,0.30618621784789724
8.137278556137288e-07,1.017157792997354e-07,8.137343404888501e-07,0.018512577204777614,125,8192,0.122,0.30618621784789724
6.972992894217212e-07,8.716226676570919e-08,6.97303910615244e-07,0.020027478440866275,126,8192,0.122,0.30618621784789724
8.261689596673338e-07,1.0327087187237963e-07,8.261768984455177e-07,0.023611825167948908,127,8192,0.122,0.30618621784789724
